id,prediction_timestamp,game_id,game_date,away_team,home_team,away_starter_id,away_starter_name,home_starter_id,home_starter_name,iterations,as_of_date,model_version,weather_park,weather_is_dome,weather_temp_f,weather_wind_mph,weather_carry_delta_ft,weather_hr_score,away_win_prob,home_win_prob,f5_away_prob,f5_home_prob,f5_tie_prob,nrfi_prob,median_total,away_pitcher_median_k,away_p_3k,away_p_4k,away_p_5k,away_p_6k,away_p_7k,home_pitcher_median_k,home_p_3k,home_p_4k,home_p_5k,home_p_6k,home_p_7k,predicted_at,total_mean,total_std,total_thresholds,run_line_home_minus_1_5_prob,run_line_away_minus_1_5_prob,away_k_dist,home_k_dist,away_starter_first_inn,home_starter_first_inn
1,2026-04-28 20:18:46.133638+00,824447,2026-04-28,Tampa Bay Rays,Cleveland Guardians,607259,Nick Martinez,676440,Tanner Bibee,2000,2026-04-28,v1,Progressive Field,false,59.2,12,-11,39,0.4595,0.5405,0.424,0.375,0.201,0.6015,6,5,0.934,0.818,0.626,0.449,0.2695,5,0.8645,0.6985,0.5045,0.309,0.1705,2026-04-29 13:37:24.710353+00,,,,,,,,,
2,2026-04-28 20:18:53.384017+00,824849,2026-04-28,Houston Astros,Baltimore Orioles,678906,Kai-Wei Teng,669358,Shane Baz,2000,2026-04-28,v1,Camden Yards,false,59.5,8.1,-20.2,30,0.462,0.538,0.4365,0.384,0.1795,0.578,7,5,0.9375,0.8275,0.6595,0.4675,0.285,5,0.936,0.8275,0.643,0.442,0.272,2026-04-29 13:37:24.710353+00,,,,,,,,,
3,2026-04-28 20:19:01.867685+00,824526,2026-04-28,Colorado Rockies,Cincinnati Reds,607536,Kyle Freeland,695505,Chase Burns,2000,2026-04-28,v1,Great American Ballpark,false,68.1,5.7,20.3,70,0.5645,0.4355,0.548,0.2675,0.1845,0.5815,7,7,0.99,0.965,0.9115,0.7945,0.6325,4,0.7645,0.546,0.3335,0.1615,0.0735,2026-04-29 13:37:24.710353+00,,,,,,,,,
5,2026-04-28 20:19:17.503479+00,823473,2026-04-28,San Francisco Giants,Philadelphia Phillies,641816,Tyler Mahle,666200,Jesús Luzardo,2000,2026-04-28,v1,Citizens Bank Park,false,60.7,7.2,22.5,72,0.5335,0.4665,0.4875,0.3295,0.183,0.619,7,6,0.9595,0.8755,0.7425,0.585,0.3865,5,0.9335,0.809,0.6515,0.4495,0.2805,2026-04-29 13:37:24.710353+00,,,,,,,,,
13,2026-04-28 22:35:09.08503+00,825017,2026-04-29,Kansas City Royals,Athletics,663460,Kris Bubic,650644,Aaron Civale,2000,2026-04-28,v1,Oakland Coliseum,false,61.7,6.9,11.1,61,0.5155,0.4845,0.4645,0.345,0.1905,0.5665,7,5,0.881,0.7345,0.525,0.3335,0.187,5,0.8995,0.7535,0.5605,0.38,0.2135,2026-04-29 13:37:24.710353+00,,,,,,,,,
15,2026-04-28 22:35:35.708027+00,825017,2026-04-29,Kansas City Royals,Athletics,663460,Kris Bubic,650644,Aaron Civale,2000,2026-04-28,v1,Oakland Coliseum,false,61.7,6.9,11,61,0.5205,0.4795,0.484,0.3395,0.1765,0.572,6,5,0.884,0.7245,0.5395,0.33,0.1755,5,0.8995,0.7515,0.557,0.3685,0.214,2026-04-29 13:37:24.710353+00,,,,,,,,,
17,2026-04-28 22:45:26.957631+00,825017,2026-04-29,Kansas City Royals,Athletics,663460,Kris Bubic,650644,Aaron Civale,2000,2026-04-28,v1,Oakland Coliseum,false,62,6.8,10.2,60,0.541,0.459,0.5,0.318,0.182,0.558,7,5,0.891,0.7295,0.5455,0.346,0.182,5,0.9,0.756,0.571,0.3665,0.203,2026-04-29 13:37:24.710353+00,,,,,,,,,
18,2026-04-28 22:45:35.943475+00,823310,2026-04-29,Chicago Cubs,San Diego Padres,665795,Edward Cabrera,621111,Walker Buehler,2000,2026-04-28,v1,Petco Park,false,64.2,7.3,-22.4,28,0.4495,0.5505,0.417,0.395,0.188,0.5725,7,5,0.93,0.808,0.642,0.443,0.2695,6,0.953,0.874,0.733,0.552,0.3565,2026-04-29 13:37:24.710353+00,,,,,,,,,
20,2026-04-28 22:46:10.684661+00,825017,2026-04-29,Kansas City Royals,Athletics,663460,Kris Bubic,650644,Aaron Civale,2000,2026-04-28,v1,Oakland Coliseum,false,62,6.8,10.2,60,0.546,0.454,0.487,0.34,0.173,0.5715,7,5,0.8815,0.7375,0.5445,0.35,0.187,5,0.9035,0.7615,0.5715,0.3785,0.21,2026-04-29 13:37:24.710353+00,,,,,,,,,
21,2026-04-28 22:46:19.359697+00,823310,2026-04-29,Chicago Cubs,San Diego Padres,665795,Edward Cabrera,621111,Walker Buehler,2000,2026-04-28,v1,Petco Park,false,64.2,7.3,-22.4,28,0.448,0.552,0.4265,0.3995,0.174,0.5805,7,5,0.926,0.8115,0.6255,0.431,0.268,6,0.9505,0.8665,0.719,0.538,0.348,2026-04-29 13:37:24.710353+00,,,,,,,,,
23,2026-04-29 01:19:49.18589+00,823390,2026-04-28,St. Louis Cardinals,Pittsburgh Pirates,681517,Kyle Leahy,677952,Braxton Ashcraft,2000,2026-04-28,v1,PNC Park,false,72.7,6.5,-1.3,49,0.46,0.54,0.4185,0.3685,0.213,0.629,6,5,0.927,0.8195,0.6345,0.451,0.2605,4,0.859,0.695,0.4875,0.281,0.1485,2026-04-29 13:37:24.710353+00,,,,,,,,,
33,2026-04-29 01:27:31.302918+00,822823,2026-04-28,Boston Red Sox,Toronto Blue Jays,801139,Payton Tolle,702056,Trey Yesavage,2000,2026-04-28,v1,Rogers Centre,true,72,0,0,50,0.416,0.584,0.397,0.404,0.199,0.6385,6,7,0.9895,0.956,0.887,0.772,0.612,5,0.883,0.728,0.5325,0.334,0.1825,2026-04-29 13:37:24.710353+00,,,,,,,,,
34,2026-04-29 01:27:39.316474+00,823636,2026-04-28,Washington Nationals,New York Mets,641793,Zack Littell,605280,Clay Holmes,2000,2026-04-28,v1,Citi Field,false,59,7,18.4,68,0.5765,0.4235,0.4875,0.32,0.1925,0.5875,6,5,0.9175,0.797,0.624,0.4145,0.2345,4,0.8665,0.6885,0.487,0.2795,0.144,2026-04-29 13:37:24.710353+00,,,,,,,,,
35,2026-04-29 01:27:49.004831+00,824931,2026-04-28,Detroit Tigers,Atlanta Braves,663554,Casey Mize,527048,Martín Pérez,2000,2026-04-28,v1,Truist Park,false,65.4,3.1,16.1,66,0.463,0.537,0.43,0.422,0.148,0.5355,8,4,0.8215,0.626,0.4135,0.241,0.116,4,0.868,0.6885,0.471,0.295,0.1525,2026-04-29 13:37:24.710353+00,,,,,,,,,
36,2026-04-29 01:27:58.579888+00,823716,2026-04-28,Seattle Mariners,Minnesota Twins,669302,Logan Gilbert,657746,Joe Ryan,2000,2026-04-28,v1,Target Field,false,56.7,11.5,38.4,88,0.4115,0.5885,0.4075,0.3915,0.201,0.6025,6,6,0.9635,0.8885,0.758,0.56,0.368,6,0.942,0.86,0.714,0.525,0.337,2026-04-29 13:37:24.710353+00,,,,,,,,,
37,2026-04-29 01:28:06.27294+00,824610,2026-04-28,Los Angeles Angels,Chicago White Sox,667755,José Soriano,663436,Davis Martin,2000,2026-04-28,v1,Rate Field,false,61.2,2,-3.8,46,0.347,0.653,0.3245,0.5145,0.161,0.555,7,4,0.7895,0.5845,0.3695,0.2045,0.106,5,0.9105,0.754,0.561,0.366,0.2155,2026-04-29 13:37:24.710353+00,,,,,,,,,
38,2026-04-29 01:28:14.419308+00,823798,2026-04-28,Arizona Diamondbacks,Milwaukee Brewers,518876,Merrill Kelly,694477,Chad Patrick,2000,2026-04-28,v1,American Family Field,true,72,0,0,50,0.3895,0.6105,0.3655,0.414,0.2205,0.626,6,5,0.938,0.828,0.661,0.4665,0.2755,5,0.902,0.752,0.5595,0.348,0.1825,2026-04-29 13:37:24.710353+00,,,,,,,,,
39,2026-04-29 01:28:21.415712+00,822908,2026-04-29,New York Yankees,Texas Rangers,693645,Cam Schlittler,594798,Jacob deGrom,2000,2026-04-28,v1,Globe Life Field,true,72,0,0,50,0.455,0.545,0.435,0.369,0.196,0.587,6,7,0.992,0.968,0.917,0.8205,0.6755,6,0.9415,0.8675,0.729,0.5435,0.358,2026-04-29 13:37:24.710353+00,,,,,,,,,
41,2026-04-29 01:43:31.164607+00,823956,2026-04-29,Miami Marlins,Los Angeles Dodgers,676083,Janson Junk,660271,Shohei Ohtani,2000,2026-04-28,v1,Dodger Stadium,false,62.3,6.5,15.7,66,0.5785,0.4215,0.5435,0.282,0.1745,0.6375,7,7,0.983,0.9455,0.8565,0.73,0.562,4,0.7715,0.5735,0.3675,0.1885,0.0875,2026-04-29 13:37:24.710353+00,,,,,,,,,
45,2026-04-29 16:36:03.34683+00,824445,2026-04-29,Tampa Bay Rays,Cleveland Guardians,656876,Drew Rasmussen,668909,Gavin Williams,5000,2026-04-29,v1,Progressive Field,false,49.5,6.6,-26.5,23,0.4372,0.5628,0.3868,0.3978,0.2154,0.6252,4.675,5,0.9268,0.809,0.6436,0.4492,0.2652,5,0.9128,0.7786,0.5796,0.3756,0.2162,2026-04-29 16:36:03.34683+00,4.9724,3.70278,"{""6.5"":0.3278,""7.0"":0.2514,""7.5"":0.2514,""8.0"":0.1818,""8.5"":0.1818,""9.0"":0.1346,""9.5"":0.1346,""10.0"":0.0946,""10.5"":0.0946,""11.0"":0.0648,""11.5"":0.0648}",0.2968,0.3292,,,,
46,2026-04-29 16:36:22.904986+00,824608,2026-04-29,Los Angeles Angels,Chicago White Sox,579328,Yusei Kikuchi,607200,Erick Fedde,5000,2026-04-29,v1,Rate Field,false,48.7,11.4,-31.1,19,0.3218,0.6782,0.3096,0.5336,0.1568,0.56,5.445,4,0.7626,0.5492,0.3274,0.1726,0.0714,5,0.9142,0.7822,0.5998,0.4034,0.2396,2026-04-29 16:36:22.904986+00,6.2146,4.07727,"{""6.5"":0.3856,""7.0"":0.3856,""7.5"":0.3086,""8.0"":0.3086,""8.5"":0.242,""9.0"":0.242,""9.5"":0.1822,""10.0"":0.1822,""10.5"":0.1294,""11.0"":0.1294,""11.5"":0.0898}",0.4426,0.228,,,,
47,2026-04-29 16:36:39.997725+00,823717,2026-04-29,Seattle Mariners,Minnesota Twins,669923,George Kirby,671737,Taj Bradley,5000,2026-04-29,v1,Target Field,false,51.8,11.2,34.4,84,0.483,0.517,0.4358,0.3828,0.1814,0.5822,8.72,5,0.939,0.8424,0.6796,0.4786,0.3044,5,0.925,0.8052,0.628,0.4322,0.251,2026-04-29 16:36:39.997725+00,9.1564,3.9561,"{""6.5"":0.7542,""7.0"":0.6478,""7.5"":0.6478,""8.0"":0.5502,""8.5"":0.5502,""9.0"":0.4444,""9.5"":0.4444,""10.0"":0.3546,""10.5"":0.3546,""11.0"":0.2752,""11.5"":0.2752}",0.2744,0.3828,,,,
48,2026-04-29 16:36:55.73875+00,822907,2026-04-29,New York Yankees,Texas Rangers,695684,Elmer Rodríguez,543135,Nathan Eovaldi,5000,2026-04-29,v1,Globe Life Field,true,72,0,0,50,0.4464,0.5536,0.4152,0.41,0.1748,0.5354,7,5,0.9276,0.8134,0.6508,0.4538,0.2756,5,0.881,0.7364,0.5336,0.3294,0.1758,2026-04-29 16:36:55.73875+00,7.8254,4.04343,"{""6.5"":0.5912,""7.0"":0.5912,""7.5"":0.4822,""8.0"":0.4822,""8.5"":0.3892,""9.0"":0.3892,""9.5"":0.3004,""10.0"":0.3004,""10.5"":0.2342,""11.0"":0.2342,""11.5"":0.174}",0.32,0.351,,,,
49,2026-04-29 18:48:43.903433+00,822821,2026-04-29,Boston Red Sox,Toronto Blue Jays,678394,Brayan Bello,641778,Eric Lauer,5000,2026-04-29,v1,Rogers Centre,true,72,0,0,50,0.4242,0.5758,0.408,0.4268,0.1652,0.5636,7,5,0.9044,0.7674,0.5758,0.3696,0.2118,4,0.8588,0.6922,0.4864,0.2904,0.1488,2026-04-29 18:48:43.903433+00,7.2028,3.98408,"{""6.5"":0.5212,""7.0"":0.5212,""7.5"":0.4242,""8.0"":0.4242,""8.5"":0.3352,""9.0"":0.3352,""9.5"":0.258,""10.0"":0.258,""10.5"":0.19,""11.0"":0.19,""11.5"":0.1378}",0.33,0.3248,,,,
50,2026-04-29 18:49:02.677119+00,823958,2026-04-29,Miami Marlins,Los Angeles Dodgers,645261,Sandy Alcantara,607192,Tyler Glasnow,5000,2026-04-29,v1,Dodger Stadium,false,74,5.1,21.3,71,0.6004,0.3996,0.5394,0.266,0.1946,0.602,7.065,7,0.989,0.9608,0.8978,0.7834,0.6262,5,0.8722,0.722,0.527,0.3308,0.1748,2026-04-29 18:49:02.677119+00,7.6704,3.73611,"{""6.5"":0.5786,""7.0"":0.5786,""7.5"":0.461,""8.0"":0.461,""8.5"":0.3606,""9.0"":0.3606,""9.5"":0.2764,""10.0"":0.2764,""10.5"":0.206,""11.0"":0.206,""11.5"":0.1488}",0.1776,0.4838,,,,
54,2026-04-29 19:20:02.963029+00,823312,2026-04-29,Chicago Cubs,San Diego Padres,592791,Jameson Taillon,663362,Matt Waldron,5000,2026-04-29,v1,Petco Park,false,71.9,9.2,0.2,50,0.4614,0.5386,0.4366,0.3964,0.167,0.5754,7.01,4,0.8584,0.6824,0.476,0.2874,0.1464,4,0.8546,0.6852,0.4792,0.2844,0.144,2026-04-29 19:20:02.963029+00,7.461,4.04411,"{""6.5"":0.5462,""7.0"":0.5462,""7.5"":0.4496,""8.0"":0.4496,""8.5"":0.357,""9.0"":0.357,""9.5"":0.2762,""10.0"":0.2762,""10.5"":0.2026,""11.0"":0.2026,""11.5"":0.1492}",0.2984,0.3634,,,,
57,2026-04-29 20:20:04.680476+00,823471,2026-04-29,San Francisco Giants,Philadelphia Phillies,657277,Logan Webb,650911,Cristopher Sánchez,5000,2026-04-29,v1,Citizens Bank Park,false,63.9,10.6,13.6,64,0.5226,0.4774,0.4774,0.342,0.1806,0.5742,7.68,5,0.9164,0.8004,0.6242,0.4206,0.2476,5,0.9166,0.787,0.6076,0.3964,0.2264,2026-04-29 20:20:04.680476+00,8.0262,4.01511,"{""6.5"":0.6414,""7.0"":0.5368,""7.5"":0.5368,""8.0"":0.4328,""8.5"":0.4328,""9.0"":0.3458,""9.5"":0.3458,""10.0"":0.2616,""10.5"":0.2616,""11.0"":0.2022,""11.5"":0.2022}",0.2408,0.408,,,,
62,2026-04-29 22:31:59.167756+00,824525,2026-04-29,Colorado Rockies,Cincinnati Reds,608372,Tomoyuki Sugano,682227,Brandon Williamson,5000,2026-04-29,v1,Great American Ballpark,false,60.6,10.4,27.9,78,0.4698,0.5302,0.4478,0.3842,0.168,0.5406,8.395,4,0.8582,0.6818,0.4702,0.2836,0.1522,3,0.69,0.4552,0.2524,0.1186,0.0478,2026-04-29 22:31:59.167756+00,9.0492,4.06795,"{""6.5"":0.667,""7.0"":0.667,""7.5"":0.5684,""8.0"":0.5684,""8.5"":0.4732,""9.0"":0.4732,""9.5"":0.3796,""10.0"":0.3796,""10.5"":0.288,""11.0"":0.288,""11.5"":0.2216}",0.297,0.3734,,,,
63,2026-04-29 22:32:26.30582+00,823392,2026-04-29,St. Louis Cardinals,Pittsburgh Pirates,669467,Andre Pallante,696149,Bubba Chandler,5000,2026-04-29,v1,,,,,,,0.6018,0.3982,0.5552,0.2882,0.1566,0.541,7,5,0.876,0.7216,0.5264,0.3316,0.1768,4,0.7456,0.5178,0.3108,0.1574,0.0676,2026-04-29 22:32:26.30582+00,7.925,4.27095,"{""6.5"":0.5836,""7.0"":0.5836,""7.5"":0.4804,""8.0"":0.4804,""8.5"":0.3956,""9.0"":0.3956,""9.5"":0.3164,""10.0"":0.3164,""10.5"":0.2512,""11.0"":0.2512,""11.5"":0.1936}",0.2042,0.499,,,,
64,2026-04-29 22:32:40.112913+00,823633,2026-04-29,Washington Nationals,New York Mets,676917,Cade Cavalli,656849,David Peterson,5000,2026-04-29,v1,Citi Field,false,53.1,8.3,11.8,62,0.527,0.473,0.4818,0.3394,0.1788,0.5912,7.59,5,0.9006,0.7696,0.5758,0.378,0.2252,4,0.8284,0.6304,0.4162,0.2398,0.1104,2026-04-29 22:32:40.112913+00,7.8246,4.0185,"{""6.5"":0.6232,""7.0"":0.524,""7.5"":0.524,""8.0"":0.4282,""8.5"":0.4282,""9.0"":0.3394,""9.5"":0.3394,""10.0"":0.2612,""10.5"":0.2612,""11.0"":0.1956,""11.5"":0.1956}",0.2436,0.426,,,,
65,2026-04-29 22:33:08.644901+00,824930,2026-04-29,Detroit Tigers,Atlanta Braves,669373,Tarik Skubal,702275,JR Ritchie,5000,2026-04-29,v1,,,,,,,0.409,0.591,0.3556,0.4476,0.1968,0.5944,6,5,0.8796,0.7186,0.5182,0.323,0.1742,6,0.9738,0.9194,0.815,0.66,0.4844,2026-04-29 22:33:08.644901+00,7.0014,3.94647,"{""6.5"":0.4984,""7.0"":0.4984,""7.5"":0.399,""8.0"":0.399,""8.5"":0.3172,""9.0"":0.3172,""9.5"":0.2386,""10.0"":0.2386,""10.5"":0.1796,""11.0"":0.1796,""11.5"":0.1284}",0.3344,0.3,,,,
66,2026-04-29 22:33:22.0807+00,823796,2026-04-29,Arizona Diamondbacks,Milwaukee Brewers,593958,Eduardo Rodriguez,687075,Brandon Sproat,5000,2026-04-29,v1,American Family Field,true,72,0,0,50,0.401,0.599,0.3656,0.4348,0.1996,0.638,6,5,0.874,0.7256,0.5274,0.3276,0.175,5,0.9154,0.7978,0.613,0.4108,0.2446,2026-04-29 22:33:22.0807+00,6.5102,3.82741,"{""6.5"":0.4456,""7.0"":0.4456,""7.5"":0.3556,""8.0"":0.3556,""8.5"":0.2714,""9.0"":0.2714,""9.5"":0.2066,""10.0"":0.2066,""10.5"":0.1526,""11.0"":0.1526,""11.5"":0.107}",0.3316,0.2954,,,,
67,2026-04-29 22:33:39.040446+00,825015,2026-04-30,Kansas City Royals,Athletics,608379,Michael Wacha,622663,Luis Severino,5000,2026-04-29,v1,Oakland Coliseum,false,61.7,7.4,9.2,59,0.5408,0.4592,0.4972,0.3354,0.1674,0.5302,7.46,5,0.8808,0.7358,0.5256,0.3306,0.1714,5,0.8668,0.6998,0.5016,0.3092,0.1652,2026-04-29 22:33:39.040446+00,7.974,4.01729,"{""6.5"":0.5554,""7.0"":0.5554,""7.5"":0.4488,""8.0"":0.4488,""8.5"":0.355,""9.0"":0.355,""9.5"":0.274,""10.0"":0.274,""10.5"":0.2098,""11.0"":0.2098,""11.5"":0.158}",0.2398,0.425,,,,
68,2026-04-30 15:03:32.023036+00,824929,2026-04-30,Detroit Tigers,Atlanta Braves,664285,Framber Valdez,693821,Bryce Elder,5000,2026-04-30,v1,Truist Park,false,65.5,9.8,-9,41,0.4252,0.5748,0.3906,0.4376,0.1718,0.5568,6.55,4,0.8278,0.6472,0.435,0.246,0.122,5,0.9288,0.8174,0.6534,0.4542,0.2738,2026-04-30 15:03:32.023036+00,7.5288,4.23329,"{""6.5"":0.5942,""7.0"":0.493,""7.5"":0.493,""8.0"":0.4138,""8.5"":0.4138,""9.0"":0.3302,""9.5"":0.3302,""10.0"":0.261,""10.5"":0.261,""11.0"":0.194,""11.5"":0.194}",0.3428,0.3322,,,,
69,2026-04-30 15:04:00.537158+00,824848,2026-04-30,Houston Astros,Baltimore Orioles,663567,Peter Lambert,605135,Chris Bassitt,5000,2026-04-30,v1,,,,,,,0.5072,0.4928,0.4976,0.3444,0.158,0.5312,7,5,0.9032,0.7722,0.5916,0.3886,0.2206,3,0.7242,0.4992,0.2874,0.1354,0.056,2026-04-30 15:04:00.537158+00,7.818,4.1025,"{""6.5"":0.5878,""7.0"":0.5878,""7.5"":0.4772,""8.0"":0.4772,""8.5"":0.388,""9.0"":0.388,""9.5"":0.3036,""10.0"":0.3036,""10.5"":0.2354,""11.0"":0.2354,""11.5"":0.177}",0.2626,0.4048,,,,
70,2026-04-30 15:04:12.004842+00,823391,2026-04-30,St. Louis Cardinals,Pittsburgh Pirates,690928,Hunter Dobbins,694973,Paul Skenes,5000,2026-04-30,v1,PNC Park,false,48.3,9.6,-38.3,12,0.5594,0.4406,0.5218,0.2816,0.1966,0.5802,4.085,6,0.9798,0.9356,0.8306,0.6828,0.4984,4,0.804,0.6022,0.3864,0.2122,0.0954,2026-04-30 15:04:12.004842+00,4.6286,3.79258,"{""6.5"":0.2744,""7.0"":0.2744,""7.5"":0.2024,""8.0"":0.2024,""8.5"":0.144,""9.0"":0.144,""9.5"":0.1036,""10.0"":0.1036,""10.5"":0.0736,""11.0"":0.0736,""11.5"":0.052}",0.2056,0.4424,,,,
71,2026-04-30 15:04:41.062781+00,823472,2026-04-30,San Francisco Giants,Philadelphia Phillies,657277,Logan Webb,650911,Cristopher Sánchez,5000,2026-04-30,v1,,,,,,,0.5224,0.4776,0.477,0.3456,0.1774,0.575,7,5,0.9134,0.7902,0.6072,0.4102,0.246,5,0.9104,0.7832,0.5964,0.4008,0.2376,2026-04-30 15:04:41.062781+00,7.4418,4.02743,"{""6.5"":0.548,""7.0"":0.548,""7.5"":0.4468,""8.0"":0.4468,""8.5"":0.3546,""9.0"":0.3546,""9.5"":0.2764,""10.0"":0.2764,""10.5"":0.2134,""11.0"":0.2134,""11.5"":0.1544}",0.2422,0.4112,,,,
72,2026-04-30 15:05:09.014733+00,824524,2026-04-30,Colorado Rockies,Cincinnati Reds,547179,Michael Lorenzen,671096,Andrew Abbott,5000,2026-04-30,v1,Great American Ballpark,false,55.6,11,-0.1,50,0.5054,0.4946,0.47,0.366,0.164,0.562,6.995,5,0.89,0.7396,0.5402,0.3402,0.1868,4,0.8532,0.6706,0.456,0.271,0.1366,2026-04-30 15:05:09.014733+00,7.7372,4.10781,"{""6.5"":0.5762,""7.0"":0.4736,""7.5"":0.4736,""8.0"":0.3878,""8.5"":0.3878,""9.0"":0.3002,""9.5"":0.3002,""10.0"":0.2308,""10.5"":0.2308,""11.0"":0.1764,""11.5"":0.1764}",0.2668,0.399,,,,
73,2026-04-30 15:05:24.312472+00,823634,2026-04-30,Washington Nationals,New York Mets,571945,Miles Mikolas,642547,Freddy Peralta,5000,2026-04-30,v1,Citi Field,false,53.2,5,9.4,59,0.5732,0.4268,0.531,0.2826,0.1864,0.5822,6.47,6,0.9754,0.924,0.819,0.6616,0.48,4,0.7802,0.5702,0.3464,0.1792,0.0772,2026-04-30 15:05:24.312472+00,7.1748,3.84376,"{""6.5"":0.4712,""7.0"":0.4712,""7.5"":0.3696,""8.0"":0.3696,""8.5"":0.2844,""9.0"":0.2844,""9.5"":0.2094,""10.0"":0.2094,""10.5"":0.1538,""11.0"":0.1538,""11.5"":0.1124}",0.1966,0.4574,,,,
75,2026-04-30 18:51:02.010941+00,825016,2026-04-30,Kansas City Royals,Athletics,702070,Noah Cameron,605488,Jeffrey Springs,5000,2026-04-30,v1,Oakland Coliseum,false,62.3,5.5,16.7,67,0.4834,0.5166,0.4512,0.3638,0.185,0.5902,6.835,5,0.9346,0.8242,0.6726,0.4842,0.302,5,0.8734,0.7114,0.5064,0.3094,0.1632,2026-04-30 18:51:02.010941+00,7.696,3.78588,"{""6.5"":0.5952,""7.0"":0.4936,""7.5"":0.4936,""8.0"":0.3844,""8.5"":0.3844,""9.0"":0.2978,""9.5"":0.2978,""10.0"":0.2296,""10.5"":0.2296,""11.0"":0.1688,""11.5"":0.1688}",0.2694,0.3674,,,,
76,2026-04-30 21:26:26.312826+00,823471,2026-04-30,San Francisco Giants,Philadelphia Phillies,605288,Adrian Houser,641835,Tim Mayza,5000,2026-04-30,v1,,,,,,,0.5296,0.4704,0.488,0.3414,0.1706,0.5502,7,5,0.8938,0.761,0.5688,0.3738,0.2124,4,0.8158,0.6218,0.4066,0.2264,0.1048,2026-04-30 21:26:26.312826+00,7.7098,4.10531,"{""6.5"":0.5728,""7.0"":0.5728,""7.5"":0.4764,""8.0"":0.4764,""8.5"":0.3884,""9.0"":0.3884,""9.5"":0.3038,""10.0"":0.3038,""10.5"":0.2334,""11.0"":0.2334,""11.5"":0.1772}",0.2508,0.427,,,,
79,2026-04-30 22:19:59.846864+00,823714,2026-04-30,Toronto Blue Jays,Minnesota Twins,592332,Kevin Gausman,641927,Bailey Ober,5000,2026-04-30,v1,,,,,,,0.429,0.571,0.3876,0.4266,0.1858,0.5838,6,5,0.8984,0.764,0.5704,0.371,0.2132,6,0.961,0.8866,0.7458,0.565,0.385,2026-04-30 22:19:59.846864+00,6.9212,3.83633,"{""6.5"":0.499,""7.0"":0.499,""7.5"":0.3876,""8.0"":0.3876,""8.5"":0.3042,""9.0"":0.3042,""9.5"":0.2294,""10.0"":0.2294,""10.5"":0.1714,""11.0"":0.1714,""11.5"":0.1186}",0.325,0.3242,"[9,3,4,6,5,5,4,8,5,2,4,6,6,4,7,9,7,5,5,4,4,7,5,7,4,6,6,6,3,5,3,6,4,5,2,5,6,4,7,4,2,9,7,4,10,3,4,5,5,3,5,6,1,5,5,5,3,2,8,3,4,4,3,4,8,7,4,6,1,6,5,8,8,4,7,4,3,7,2,9,3,8,1,2,4,2,2,3,6,3,5,5,6,2,6,5,4,6,9,4,3,5,6,8,8,8,2,3,4,5,0,5,6,1,5,5,6,2,4,6,8,6,5,7,2,5,6,4,4,7,4,4,7,6,4,1,5,5,6,5,5,4,3,4,9,7,6,5,5,3,6,4,3,4,6,8,5,3,2,4,4,4,4,5,5,7,1,3,3,7,1,2,6,5,7,4,4,10,4,7,6,6,3,9,6,4,4,7,6,4,4,6,5,7,6,7,3,5,2,4,6,2,7,4,6,6,5,4,2,7,8,6,2,4,3,8,4,11,4,6,5,3,6,7,1,2,6,5,5,5,4,6,4,3,3,8,7,4,6,2,7,2,0,6,3,2,7,5,7,2,3,4,5,7,7,5,2,4,6,5,7,6,5,4,6,7,6,5,6,7,5,3,6,3,4,5,5,3,5,5,6,3,10,11,2,4,1,4,4,8,8,8,6,6,5,2,2,4,4,6,5,6,3,3,3,6,10,5,6,10,6,4,4,5,4,3,4,5,3,3,5,2,7,5,2,3,2,1,10,5,7,3,6,6,3,5,4,5,7,3,4,4,6,7,5,6,7,4,3,5,4,5,7,1,2,4,7,4,6,6,8,4,5,3,4,2,2,7,3,7,3,4,4,4,8,3,4,5,7,6,5,2,6,6,4,7,4,7,6,3,6,3,3,5,4,5,6,5,8,5,4,2,8,8,3,5,6,7,5,5,5,7,5,3,4,5,6,4,6,5,6,8,1,4,5,2,9,5,4,5,5,7,5,6,5,6,2,7,4,4,6,4,8,7,4,3,2,2,6,4,5,9,6,3,5,5,6,2,6,3,6,4,3,5,12,6,6,6,8,6,5,4,3,3,4,8,4,2,4,0,3,7,4,4,4,5,3,4,9,7,3,6,7,1,5,0,4,5,5,2,5,4,4,8,6,10,7,3,5,5,7,2,6,5,3,6,7,6,4,7,4,6,5,3,4,6,7,8,5,8,6,6,3,6,4,7,6,6,4,5,1,7,5,4,7,4,4,6,5,5,5,4,4,4,5,7,4,8,5,10,4,7,5,6,3,11,5,2,5,1,2,9,4,3,4,4,6,5,5,9,4,6,7,7,4,3,4,4,6,4,7,4,5,4,8,7,5,6,7,5,5,4,7,3,3,2,6,7,6,5,3,7,5,6,4,7,7,4,3,7,3,9,3,5,6,5,3,2,3,3,4,5,3,6,3,6,5,3,7,6,3,4,1,4,6,4,6,5,7,3,5,6,3,9,4,6,1,5,7,5,2,9,5,4,4,3,9,4,5,2,1,6,6,4,6,4,7,5,2,3,5,4,8,4,7,6,6,7,10,5,2,6,3,3,5,7,3,2,3,6,5,4,2,7,6,5,6,4,8,5,3,4,6,4,6,5,7,6,2,4,4,4,2,2,4,8,3,5,6,5,4,6,7,7,5,5,6,3,5,6,8,6,4,6,3,4,6,4,5,5,4,8,5,7,6,4,2,6,3,5,3,3,3,5,5,8,6,5,3,4,8,3,5,6,6,7,5,2,5,3,3,7,5,6,2,7,7,6,3,6,3,3,7,8,6,8,8,4,2,8,4,6,5,3,9,4,3,8,2,8,5,6,9,4,3,4,6,8,4,1,3,7,6,9,3,5,6,4,5,7,6,6,6,9,3,4,8,6,4,5,4,8,5,5,5,8,5,8,5,6,5,5,9,1,7,5,6,4,7,5,8,6,5,5,8,5,5,4,3,5,2,1,7,5,4,4,7,5,3,7,6,1,4,6,4,5,5,6,7,7,6,3,6,4,4,8,7,3,5,4,5,3,5,6,3,5,4,7,5,7,5,6,1,5,3,2,8,2,6,6,5,6,4,7,4,5,7,4,7,7,4,6,7,4,3,4,9,2,3,6,7,4,7,3,7,3,5,6,3,5,5,5,5,5,5,4,6,4,3,6,3,2,5,4,6,4,2,6,4,3,6,4,2,3,4,7,7,5,3,4,6,8,9,5,5,4,4,3,7,5,8,4,3,5,6,5,9,6,2,3,6,5,7,5,5,4,2,4,4,3,6,5,3,3,5,3,4,4,7,6,8,3,2,5,4,8,7,6,6,2,5,4,3,2,2,4,3,3,2,2,5,2,4,5,6,7,6,4,4,5,5,5,7,3,5,2,5,2,3,4,3,4,7,2,3,3,9,8,2,6,6,5,7,5,7,5,4,2,7,6,8,5,5,4,6,8,5,2,5,3,5,2,9,2,2,6,5,1,2,7,7,4,5,8,6,4,5,6,8,4,10,3,6,2,5,5,3,8,5,7,6,5,7,1,4,5,3,4,6,6,5,6,6,6,5,4,6,6,4,2,6,3,5,5,7,7,6,4,5,7,9,3,5,3,7,4,4,8,6,6,1,11,6,5,2,6,5,4,3,6,10,6,9,8,5,4,4,4,6,2,3,2,5,3,6,6,6,4,4,3,4,6,3,5,4,4,3,1,4,6,4,2,4,2,3,4,8,5,5,4,6,8,4,3,7,6,8,6,5,8,6,5,5,7,2,8,6,5,8,2,3,5,2,6,3,4,5,5,6,2,5,6,8,3,5,5,4,2,5,4,8,3,8,4,7,4,8,6,5,4,6,2,5,3,4,1,1,3,5,4,5,5,4,4,8,7,7,9,9,5,4,8,5,8,4,8,6,5,6,6,5,2,5,2,6,3,6,7,5,4,5,4,7,8,4,4,5,7,5,6,8,7,6,5,4,4,5,5,4,6,9,8,2,6,5,7,1,4,3,6,6,6,3,4,4,5,4,8,6,5,5,5,6,3,4,6,6,4,3,5,5,1,5,9,5,3,6,3,6,3,6,3,6,7,5,5,4,6,8,10,4,7,4,3,1,5,8,4,1,6,5,8,6,10,2,6,5,8,6,3,5,4,3,1,8,5,3,4,4,7,6,4,4,5,5,5,7,4,8,4,3,6,5,3,3,6,3,4,5,6,8,6,4,6,3,4,2,9,3,6,4,6,3,9,4,2,5,6,4,3,5,4,4,4,6,6,5,6,5,3,4,4,4,4,2,5,6,2,3,5,3,5,4,8,3,5,2,8,5,6,6,8,6,7,4,5,7,6,6,3,6,12,2,2,3,3,3,2,4,3,6,6,6,4,5,5,8,6,5,4,3,2,7,3,6,5,4,6,3,5,7,6,3,7,4,8,5,5,5,7,3,3,10,2,4,6,5,1,4,5,6,4,6,4,3,4,4,4,9,7,6,11,3,7,4,5,4,6,4,5,3,5,4,4,4,6,6,4,6,3,7,6,7,7,6,5,4,7,8,3,6,10,2,3,5,3,5,6,7,5,5,4,5,3,7,2,2,3,3,11,4,6,10,4,2,4,6,6,8,6,5,2,3,5,5,4,4,6,5,3,5,3,4,9,5,8,11,5,9,2,6,1,2,3,9,4,1,7,8,5,4,4,6,5,6,5,5,4,3,6,5,7,5,5,4,7,4,3,7,7,6,5,4,9,3,4,2,4,4,3,2,5,6,7,5,4,7,5,5,2,4,5,2,3,2,1,7,5,5,3,8,5,8,3,2,7,5,6,1,4,5,6,7,4,3,3,3,1,4,4,6,3,5,4,8,3,5,6,3,8,4,8,3,7,7,6,4,4,4,4,5,4,7,5,6,3,7,5,3,3,5,3,6,5,5,6,4,7,5,7,4,8,7,4,2,3,6,4,3,5,5,8,3,5,5,6,7,6,5,4,7,6,3,5,6,4,4,4,4,7,7,6,6,8,6,4,6,7,9,2,4,4,5,5,9,5,4,1,2,4,5,3,8,8,5,2,3,8,5,3,6,7,7,3,4,7,3,5,9,5,7,6,6,4,5,3,7,2,3,10,4,5,5,9,10,9,3,8,2,3,5,7,7,6,5,5,6,5,4,7,5,4,5,6,5,7,4,6,5,6,1,5,6,3,5,5,4,8,4,5,5,5,6,7,6,5,3,8,2,4,2,2,5,7,6,5,2,7,5,0,3,4,7,5,5,1,4,3,6,4,3,6,4,5,5,7,5,6,6,10,5,7,8,4,5,6,6,8,8,4,4,5,6,3,6,4,6,9,5,5,4,5,5,6,4,5,6,2,5,4,3,10,8,5,3,3,5,5,7,6,2,2,4,5,5,6,6,6,5,1,3,2,5,5,7,5,3,6,7,4,7,8,10,6,7,8,8,4,4,5,3,4,4,9,3,1,4,7,7,6,5,3,2,4,3,3,4,6,6,6,2,5,2,5,8,6,5,6,5,2,8,2,2,6,5,6,4,6,2,6,6,2,7,9,4,5,5,5,4,4,2,3,2,6,2,6,3,8,3,5,7,3,4,7,5,2,6,8,3,7,4,3,5,5,6,6,3,3,5,4,5,5,6,8,4,8,3,3,5,7,5,3,5,1,5,7,4,8,7,7,3,5,3,3,5,6,4,5,3,2,5,8,8,4,8,5,7,7,4,3,7,9,6,6,8,5,5,7,6,6,4,6,4,3,3,6,5,8,4,2,8,10,3,3,4,6,2,5,4,3,3,8,5,4,7,5,4,8,5,2,8,6,5,5,4,2,5,4,4,9,2,4,2,4,6,5,8,2,4,9,3,7,4,2,3,4,4,5,4,1,6,7,6,7,2,5,6,4,2,2,3,3,6,7,6,1,8,3,6,5,7,5,7,6,8,6,3,6,4,6,2,8,4,4,6,1,9,3,2,8,5,5,4,7,5,11,5,12,4,3,3,4,7,7,2,4,4,5,4,6,5,2,4,6,3,7,4,2,9,5,7,10,8,6,2,4,5,6,7,7,4,9,4,4,5,5,5,8,4,4,5,4,5,8,6,3,3,6,0,8,3,4,7,6,7,5,7,4,4,5,5,5,3,7,3,5,6,9,4,5,2,0,4,6,4,3,9,8,5,4,5,5,4,6,5,7,8,5,3,5,5,5,5,8,6,7,3,3,3,6,6,4,4,5,1,3,8,4,5,0,7,5,6,4,3,5,6,10,5,2,5,9,3,7,4,6,4,5,7,4,8,3,8,5,2,9,7,4,2,6,7,4,3,5,7,3,6,2,6,4,4,3,5,7,7,3,5,5,8,4,4,4,4,4,5,5,5,8,5,4,4,7,4,4,7,1,2,7,6,7,8,2,8,5,9,5,6,6,0,2,6,3,3,1,4,6,4,6,6,6,4,6,7,5,5,5,2,5,9,5,8,2,11,5,5,3,5,4,5,3,4,5,8,7,6,5,5,5,5,9,4,1,5,6,5,3,6,8,5,4,5,3,4,5,2,5,4,4,7,3,3,6,4,5,8,7,5,5,5,5,4,2,6,4,3,2,4,3,7,3,2,3,3,4,7,1,2,5,5,6,7,5,6,7,8,7,4,10,7,3,8,4,6,3,3,8,10,2,5,3,4,2,9,2,3,3,2,5,1,3,7,6,8,5,6,7,3,5,1,6,5,6,5,8,5,7,4,3,4,8,4,5,5,3,3,4,2,9,5,5,7,2,10,5,4,4,4,4,8,5,7,5,5,6,3,8,4,6,6,4,5,3,6,4,4,7,6,6,9,3,3,5,3,6,6,6,8,4,5,7,2,5,7,3,2,1,4,7,8,5,4,1,8,5,6,8,3,9,2,5,3,7,4,3,6,1,8,7,7,5,4,2,5,5,7,4,3,3,4,2,0,4,2,5,6,7,6,4,6,6,5,5,10,4,5,4,5,4,6,6,3,5,5,4,4,7,6,6,5,4,4,1,8,0,4,3,8,4,3,7,5,3,5,4,4,3,6,3,3,8,8,5,5,4,7,7,3,5,5,4,6,6,5,8,3,6,6,1,6,7,5,8,4,6,5,6,8,5,5,3,3,6,6,9,4,9,5,4,3,4,3,6,9,7,4,7,8,4,4,6,5,5,4,5,2,9,5,5,3,4,7,5,8,9,5,8,7,8,5,4,5,2,2,4,4,5,1,3,7,4,6,6,5,7,2,7,3,7,4,6,3,5,5,1,4,3,5,3,7,5,5,6,7,7,4,3,8,8,5,7,3,5,5,4,9,6,6,4,3,4,5,5,5,8,5,3,3,6,5,5,1,4,7,7,7,4,7,8,1,2,3,5,4,5,2,2,6,1,9,5,5,8,6,5,5,10,6,4,3,2,7,6,6,3,5,6,7,8,4,3,4,6,4,6,4,5,5,4,3,6,5,5,6,7,3,7,3,4,6,3,4,5,7,8,2,5,7,5,3,5,8,2,6,6,6,6,2,10,6,7,4,2,6,4,8,4,4,8,4,1,6,3,6,3,7,7,7,2,4,5,8,6,6,3,3,3,4,5,3,3,5,5,8,4,4,5,2,7,4,7,4,5,7,5,10,1,7,6,2,4,9,8,4,6,5,2,4,8,2,8,2,7,7,5,6,4,3,1,5,3,8,2,5,8,3,4,2,2,5,8,4,1,4,10,10,6,5,6,2,7,5,7,7,2,14,5,4,10,5,7,6,6,10,7,3,6,7,5,1,5,6,4,5,2,5,7,4,3,7,3,5,5,7,5,6,6,6,6,5,5,9,6,5,8,4,6,7,4,8,6,3,8,4,5,8,7,8,6,9,7,3,10,6,6,2,2,7,4,6,7,7,6,8,8,1,3,9,3,6,7,2,4,4,6,1,10,4,5,6,8,3,6,5,7,4,4,5,4,4,4,5,2,5,8,6,6,5,7,6,5,8,7,7,3,2,4,6,2,7,4,1,8,5,8,6,4,2,3,5,2,6,7,4,8,4,6,7,5,5,6,5,3,4,3,4,8,4,4,4,4,5,5,9,2,8,5,3,6,7,5,6,9,4,5,2,5,5,3,7,4,5,5,3,6,5,6,6,2,8,2,6,5,1,3,6,5,5,9,4,6,5,6,6,7,4,2,6,8,3,4,5,7,4,10,5,9,4,6,4,4,6,5,4,4,6,3,6,3,3,4,3,4,7,7,6,4,6,4,4,7,9,2,5,7,7,11,8,3,2,4,6,5,5,1,5,5,3,6,5,4,5,1,8,5,6,5,6,4,6,7,6,7,8,7,4,7,4,4,5,6,5,7,5,7,5,6,6,4,4,8,5,7,6,4,5,3,6,6,3,1,6,4,3,6,8,5,7,5,6,7,6,5,4,5,5,4,2,5,4,2,3,4,5,1,4,7,9,5,7,4,7,2,2,3,6,2,3,7,0,5,7,4,4,2,4,4,9,2,3,7,2,4,3,5,5,8,5,5,4,4,7,6,5,7,6,3,6,4,4,9,6,5,4,4,4,2,3,5,5,4,4,4,2,3,3,4,6,6,3,3,5,5,6,2,7,5,7,6,4,4,4,6,7,3,7,4,9,3,10,3,4,5,4,7,5,4,4,3,5,5,7,5,8,5,6,2,12,9,1,4,5,4,4,6,5,6,6,5,0,1,3,5,7,3,4,2,8,6,5,7,1,3,4,6,9,4,4,6,6,6,6,5,5,2,6,3,1,2,4,3,2,1,0,3,4,4,7,5,8,4,3,5,4,7,6,6,9,2,5,1,1,5,5,3,6,8,4,3,7,3,9,11,3,4,7,2,6,5,1,3,4,4,4,0,4,2,5,7,6,4,5,7,8,9,7,7,7,8,4,8,7,6,4,4,6,4,4,4,6,8,5,5,4,5,6,6,7,5,6,2,7,8,5,5,4,4,7,3,5,6,8,6,5,6,2,5,5,5,5,4,6,3,3,5,1,6,4,6,5,7,4,7,4,3,3,2,5,5,2,4,5,1,4,3,4,4,3,5,3,3,4,2,5,3,7,4,7,9,5,6,6,3,4,8,5,6,3,5,4,9,5,5,6,5,6,4,8,5,3,6,3,5,9,4,4,8,4,5,8,6,5,3,3,4,11,6,8,6,6,4,4,8,8,4,4,4,6,9,4,7,4,5,6,7,3,7,5,4,5,3,9,4,5,6,3,7,4,5,5,6,5,8,4,8,5,7,2,3,6,8,3,5,5,6,4,6,6,3,4,4,4,5,2,4,5,6,4,1,3,8,2,2,4,5,3,3,5,6,4,3,4,5,7,4,1,4,7,8,7,4,6,4,2,4,6,7,3,2,6,6,5,5,5,2,2,6,2,5,6,8,4,3,4,3,5,4,4,2,3,6,4,8,3,3,4,5,4,9,5,3,7,5,3,5,6,3,5,4,4,5,4,8,4,2,4,6,6,1,5,1,4,8,8,6,8,4,5,4,6,5,3,6,3,5,8,8,4,3,9,3,6,6,3,7,4,4,11,7,9,8,9,6,5,3,4,3,10,1,8,4,3,6,5,3,4,7,4,4,4,1,10,9,2,6,5,7,7,6,2,4,4,6,8,5,2,6,5,7,6,6,5,2,2,7,4,4,3,6,7,5,5,4,5,5,10,6,4,5,5,8,4,4,4,3,3,5,4,4,2,4,8,6,6,6,4,6,5,7,3,4,5,4,4,1,4,11,3,8,1,6,7,6,6,3,3,5,4,4,6,3,6,7,5,4,6,2,4,5,4,2,6,4,5,8,8,3,5,8,4,7,3,5,5,2,4,3,7,5,3,3,2,8,4,5,5,3,3,4,6,7,3,2,4,3,6,4,2,6,4,8,3,7,5,2,6,5,5,2,7,3,4,1,2,11,2,3,8,2,8,3,4,4,7,6,3,6,7,5,3,11,4,3,5,5,4,8,8,3,3,4,4,4,5,4,6,4,4,4,7,3,4,5,8,7,12,4,2,4,4,6,4,7,4,7,6,6,2,9,4,5,5,7,4,4,4,4,4,6,1,5,7,3,3,7,6,11,9,3,3,8,6,3,4,6,7,3,8,1,3,3,5,6,5,6,6,3,7,5,9,6,2,3,4,3,8,4,3,3,7,7,5,3,4,3,5,5,5,6,5,6,2,5,4,5,6,3,4,3,5,6,3,5,3,7,8,6,5,5,3,6,8,1,5,4,7,5,5,7,6,6,8,5,5,6,4,2,6,5,10,7,5,3,2,9,4,6,6,4,3,5,3,2,7,7,5,5,4,6,5,2,6,2,3,6,8,4,5,1,3,6,5,2,3,5,5,3,5,5,5,6,6,4,4,7,3,2,6,7,6,3,4,5,4,5,4,3,7,5,6,2,5,1,3,8,8,3,4,8,11,4,9,4,5,8,4,6,2,5,7,3,4,2,8,5,9,1,4,3,7,6,2,2,4,5,5,4,3,7,6,8,2,9,7,3,4,6,4,6,2,4,1,9,4,4,10,8,6,3,1,3,4,5,6,5,3,7,4,7,8,7,6,6,4,3,1,7,3,5,1,2,4,2,7,3,8,5,5,4,2,7,4,8,6,2,6,2,5,5,6,4,5,5,6,6,8,5,8,3,5,4,3,6,5,3,5,4,7,5,3,8,4,7,5,7,3,6,4,1,6,6,5,3,4,3,7,4,5,4,3,6,6,6,3,5,5,6,4,5,4,3,4,7,3,7,9,4,5,6,4,9,2,5,3,3,2,2,5,8,7,8,4,5,5,3,6,2,4,8,3,6,4,3,6,7,2,6,7,7,6,4,3,6,6,6,7,2,3,4,5,5,5,6,5,5,7,5,3,4,3,10,5,3,4,5,3,2,5,10,4,2,7,4,5,6,6,9,4,9,3,7,6,4,9,7,2,8,4,6,2,3,8,4,4,5,3,4,3,9,5,6,3,3,4,4,3,9,7,5,5,5,2,7,6,2,2,6,8,4,6,7,6,4,7,7,5,5,6,5,5,4,6,4,8,3,6,5,7,8,7,8,5,1,8,6,5,7,5,2,5,8,4,5,7,8,7,3,9,4,5,6,4,4,4,3,4,5,10,5,4,1,3,3,1,7,3,3,8,7,8,7,10,4,5,7,3,5,6,5,3,4,3,3,8,6,3,4,5,4,4,3,8,7,4,6,3,7,5,5,2,4,7,2,3,6,3,5,5,7,3,7,7,4,8,3,10,4,5,7,4,6,4,4,4,1,4,3,4,5,6,2,6,7,5,5,6,4,0,2,2,3,4,4,8,3,9,5,8,1,7,4,5,3,4,3,3,7,6,4,5,4,4,7,7,4,6,7,7,4,2,0,4,4,8,4,6,3,7,3,5,6,7,3,3,2,2,8,4,5,5,2,7,5,8,5,4,4,6,3,8,6,5,8,3,4,2,2,4,6,5,7,5,4,6,6,6,5,7,4,4,5,4,5,4,6,4,4,4,8,5,4,6,5,5,7,5,5,6,6,6,5,6,8,5,4,6,2,8,6,5,6,7,9,4,5,4,8,8,3,4,3,5,5,9,5,2,2,3,4,7,5,4,6,3,4,4,4,5,5,8,6,4,3,5,4,4,3,4,4,6,8,3,1,4,5,5,2,9,5,2,6,4,4,5,5,8,7,7,4,7,4,3,5,6,3,3,5,2,8,6,1,2,7,6,5,3,3,5,6,4,2,4,0,7,7,7,7,5,4,6,7,3,3,4,7,3,3,3,5,7,8,4,7,5,4,4,7,2,6,5,5,2,3,2,7,4,8,7,5,3,3,10,7,3,1,4,7,6,7,4,3,4,2,3,1,6,3,7,2,5,6,4,5,3,5,1,5,7,7,6,3,2,9,4,6,4,2,5,6,3,7,4,3,3,2,7,7,7,1,3,2,4,7,8,2,7,7,4,4,3,7,3,5,4,3,4,2,4,5,4,8,2,8,4,1,4,6,6,3,7,4,4,6,8,8,5,8,3,5,7,2,5,3,6,4,2,5,6,3,3,6,5,4,11,3,7,6,7,2,3,2,3,3,3,4,5,3,8,4,7,4,5,3,4,5,6,8,4,4,6,3,4,7,6,5,2,6,7,8,7,3,3,7,6,3,10,6,2,3,7,4,8,4,1,2,7,4,8,3,3,6,1,9,6,3,7,4,4,5,4,3,4,7,5,4,6,2,6,2,6,6,6,3,5,4,5,6,5,5,5,3,3,5,5,4,3,5,7,4,6,1]","[7,3,6,7,4,7,2,4,6,6,5,6,5,7,5,3,6,6,8,7,6,9,9,5,8,10,6,5,4,7,4,6,10,8,5,8,7,6,7,9,4,4,6,4,7,5,6,9,10,5,3,7,6,14,5,4,2,1,6,7,10,1,5,2,4,10,6,5,8,7,6,3,4,5,6,7,6,8,7,5,5,3,10,8,8,8,6,7,6,6,6,5,4,7,7,7,8,6,5,1,6,5,8,5,3,4,9,3,9,10,6,4,4,7,4,5,3,3,4,7,4,8,5,4,7,6,4,5,8,5,8,5,5,9,3,0,7,5,6,5,4,2,7,7,9,4,8,5,7,4,3,7,5,5,4,5,8,3,5,6,4,5,6,7,5,6,11,10,5,7,6,5,7,3,8,6,7,4,3,4,3,3,7,10,8,1,3,7,8,4,4,5,5,8,8,6,10,10,6,6,5,5,8,4,11,8,6,7,4,8,7,2,5,5,6,9,6,7,7,5,7,11,7,5,5,7,5,7,7,2,5,7,10,6,6,8,6,1,10,8,5,4,4,4,4,5,6,5,5,5,8,6,6,1,5,4,9,7,9,4,5,5,7,4,6,3,8,6,7,5,5,5,2,3,3,5,9,7,6,7,10,5,5,8,6,4,8,7,7,6,4,5,3,4,4,5,7,8,8,4,3,10,6,8,7,7,7,6,5,3,7,10,7,11,9,8,6,5,8,4,5,4,8,11,8,6,3,8,8,6,5,7,2,4,8,9,7,4,8,3,10,6,3,4,8,3,5,8,7,8,10,3,5,8,6,5,7,4,6,9,10,7,7,8,6,6,7,7,5,8,2,4,8,5,3,2,8,5,8,8,6,8,4,6,5,7,8,7,9,5,5,8,4,6,3,5,3,8,8,8,7,7,4,8,4,4,6,10,4,4,8,6,5,8,5,5,3,6,6,5,9,3,7,5,5,5,7,3,8,5,4,7,6,5,5,9,6,2,6,6,7,4,5,6,5,9,7,1,8,6,5,4,4,9,3,4,8,7,3,10,6,8,7,9,6,10,6,6,5,7,9,6,9,6,4,5,9,7,3,9,4,5,7,9,7,7,6,3,7,3,6,5,6,6,7,6,6,5,5,6,3,6,7,6,3,10,9,10,9,7,5,1,5,7,6,9,5,5,4,5,6,5,9,7,4,5,4,7,4,2,6,6,5,3,5,5,5,3,5,9,5,2,6,5,9,4,5,7,9,6,9,7,5,8,2,3,3,6,4,7,7,4,7,6,9,6,11,3,9,6,7,9,4,6,4,5,8,5,6,3,7,8,3,6,6,7,9,5,8,7,10,6,3,7,5,9,3,7,7,7,3,8,8,6,7,3,4,4,9,9,7,11,6,3,2,7,5,2,11,6,5,5,4,4,4,5,10,4,7,7,5,5,6,6,5,6,3,5,4,8,6,2,9,8,9,5,5,7,8,5,6,4,7,6,7,6,4,2,8,7,5,9,8,4,6,4,4,7,2,3,5,7,9,8,8,4,11,6,3,5,3,7,5,7,4,2,7,5,4,9,7,7,4,3,2,3,4,6,5,10,3,4,5,7,4,5,5,5,8,2,5,5,3,3,7,1,4,6,9,8,5,7,9,4,4,10,8,7,10,3,12,2,8,5,10,11,4,7,8,2,7,5,2,7,4,3,7,4,4,6,3,7,5,4,4,5,4,8,4,4,7,6,7,3,4,8,5,7,8,6,5,9,6,4,5,9,4,3,7,7,6,3,6,6,9,4,4,12,7,6,6,3,7,7,4,5,9,9,7,5,7,7,4,6,7,7,9,6,6,6,4,7,4,5,8,9,8,7,8,9,5,4,4,5,5,6,6,7,6,7,4,4,7,4,5,4,5,7,5,9,6,6,3,6,9,5,5,4,3,7,7,3,9,7,6,6,4,3,6,6,3,3,9,5,8,3,4,10,5,3,6,5,3,7,8,6,5,8,2,8,7,7,8,8,2,6,6,5,6,4,9,6,7,7,8,9,7,7,6,6,5,5,6,4,3,3,7,6,7,5,5,12,5,3,7,8,8,6,10,4,11,4,5,2,6,6,5,7,8,6,9,7,5,4,5,9,5,5,7,8,5,6,6,9,5,2,4,6,4,6,8,8,4,6,5,8,8,4,6,4,11,5,6,2,5,6,7,4,9,5,7,4,8,8,7,4,3,2,6,8,4,9,8,8,8,5,8,6,5,6,3,6,6,4,6,5,4,3,12,5,8,6,6,4,3,7,9,5,6,9,10,5,5,7,8,4,8,7,6,6,10,6,9,6,5,5,7,8,3,9,4,8,5,6,8,7,9,6,6,4,9,10,4,6,6,3,3,7,8,2,7,5,2,10,4,7,7,5,5,8,6,2,3,7,4,5,9,5,7,3,8,6,6,6,4,6,4,6,4,3,2,5,6,7,4,4,3,9,3,6,7,7,7,7,7,3,5,3,6,4,4,6,3,8,8,6,7,5,5,6,3,2,5,8,3,7,4,8,6,8,9,6,7,4,3,4,8,7,5,10,4,2,5,5,6,8,6,3,8,6,7,8,6,3,7,6,3,4,5,5,7,6,6,8,7,11,9,6,5,9,3,6,1,5,5,7,3,5,6,4,5,6,7,8,4,8,5,4,7,8,7,7,6,6,5,8,6,13,5,7,6,4,3,7,7,5,3,6,3,7,5,4,2,8,7,2,8,8,3,7,8,7,5,4,6,6,9,5,9,8,7,7,8,6,7,3,10,5,7,6,6,8,3,4,4,7,3,5,8,4,1,9,2,2,9,4,5,3,8,5,11,7,8,7,3,5,9,6,4,6,4,8,9,7,4,6,4,6,3,9,6,4,6,8,5,6,5,3,11,6,3,5,4,5,6,5,9,9,5,5,9,6,4,8,5,8,7,4,5,9,9,7,12,5,4,7,8,3,8,5,5,5,6,7,4,2,5,3,4,3,3,6,6,5,9,8,5,9,6,6,5,4,9,6,6,4,1,8,3,6,5,9,10,9,5,7,6,4,6,5,5,7,3,3,4,7,3,1,5,4,2,7,11,6,5,6,9,9,8,9,7,3,7,7,5,8,5,3,8,10,4,9,5,6,10,4,6,4,7,6,3,8,6,7,5,4,7,5,8,5,5,2,7,8,6,4,3,5,7,4,6,5,7,7,3,5,5,4,5,5,9,3,6,7,8,4,3,7,9,4,10,7,4,6,9,5,5,5,8,4,8,4,5,4,4,2,7,6,11,4,4,5,7,5,6,8,4,5,5,5,6,4,8,8,6,5,6,10,9,8,5,6,4,3,7,10,3,9,6,7,4,6,4,5,4,7,4,7,8,5,5,4,5,10,6,7,8,4,8,7,3,8,6,8,6,6,4,7,13,6,9,5,6,5,3,5,7,6,6,4,4,6,5,5,5,8,7,6,7,5,7,7,2,7,3,7,4,4,10,9,6,6,2,7,5,3,6,6,5,6,6,9,8,5,9,5,7,4,4,7,5,9,7,10,7,5,10,8,6,8,4,6,4,6,3,6,5,3,1,5,5,6,4,8,4,4,7,8,10,6,6,12,5,2,4,5,5,5,5,10,5,4,6,7,7,3,5,5,5,6,9,7,5,6,5,5,6,5,9,6,9,10,3,3,7,5,9,4,3,3,6,3,5,7,5,6,6,8,5,8,11,4,4,6,7,6,5,4,8,6,8,11,4,7,5,9,4,7,5,2,2,5,4,7,4,7,6,6,1,9,6,7,1,7,7,10,5,6,7,9,8,6,5,7,5,8,4,6,6,2,8,7,7,5,6,5,5,8,6,5,4,4,9,4,5,8,5,10,10,3,5,5,8,8,6,4,4,7,4,5,7,3,4,7,6,7,5,8,7,1,8,3,7,6,4,5,8,7,7,8,5,9,3,4,5,9,7,2,8,4,2,7,6,6,7,5,4,4,5,4,5,10,3,7,5,4,5,8,5,6,5,3,11,5,6,5,6,2,6,5,5,4,7,9,8,6,4,4,5,6,7,5,8,4,4,5,6,4,6,5,4,4,5,5,3,3,5,5,9,5,9,5,9,6,6,9,10,0,5,6,5,6,7,5,4,6,5,3,8,6,10,6,8,7,4,4,6,4,7,5,6,10,8,1,3,7,6,7,5,8,8,5,5,7,4,6,8,7,6,7,6,4,5,7,4,7,8,4,2,4,9,2,6,6,5,5,7,7,4,9,4,7,7,6,7,4,4,8,7,7,7,8,10,8,5,6,7,3,7,6,6,6,9,5,6,9,6,7,7,6,7,6,4,8,6,6,4,7,7,5,3,5,3,11,4,9,6,4,4,5,7,6,7,4,9,4,5,6,0,7,8,6,4,9,7,8,6,4,4,3,7,9,4,3,8,6,7,3,9,6,6,7,9,9,4,6,9,4,4,9,8,6,7,8,6,6,5,6,5,9,11,4,4,6,7,5,7,8,6,6,8,6,4,6,6,6,6,4,1,7,7,7,6,5,2,12,9,4,6,2,8,4,10,4,4,7,8,11,3,6,5,4,2,4,3,5,7,8,4,9,5,3,7,8,10,4,3,7,7,4,6,5,8,6,6,5,6,5,2,9,4,3,6,5,8,5,2,7,9,6,8,5,6,8,9,9,13,9,10,7,4,4,6,6,4,9,7,6,6,6,4,6,6,7,5,7,3,4,7,5,9,4,4,6,6,4,10,6,6,8,4,4,5,6,6,10,7,6,6,5,8,7,5,10,7,5,8,6,3,8,9,4,4,10,5,5,4,6,4,5,6,8,3,6,4,7,7,9,12,8,6,7,5,8,6,8,9,5,4,3,6,7,6,5,11,4,4,6,7,6,7,8,3,4,4,8,7,7,5,4,8,1,6,10,7,2,9,5,7,3,1,4,6,6,10,6,6,5,8,2,6,3,5,5,8,6,7,7,4,6,4,2,7,6,7,5,5,6,7,6,8,5,4,7,4,7,3,8,5,11,11,6,5,9,5,7,4,3,8,7,8,3,5,6,4,6,8,8,4,9,10,3,4,6,5,3,3,6,6,5,9,6,6,8,4,4,7,4,5,7,2,4,7,9,3,6,4,4,7,3,4,4,7,7,3,7,3,7,8,9,4,3,6,9,7,8,4,4,3,4,11,0,8,3,6,7,7,7,6,7,4,6,8,9,6,7,8,6,7,5,8,6,9,5,9,10,7,3,8,6,6,5,7,3,6,10,7,7,8,8,8,3,5,7,5,4,7,8,5,3,8,8,5,7,10,8,4,5,5,5,6,4,5,5,9,9,6,4,4,6,6,8,7,9,6,5,5,6,6,5,5,8,6,4,3,3,6,6,7,4,3,5,7,7,4,6,4,6,4,8,2,5,8,3,7,5,5,6,10,6,7,8,5,8,9,6,9,9,8,8,7,8,8,8,10,4,5,7,11,4,7,5,3,4,9,6,8,6,8,6,5,8,8,9,6,13,6,4,5,6,4,7,2,8,4,4,6,10,7,6,6,4,5,8,9,5,6,4,11,3,9,4,6,4,7,13,7,5,7,6,8,6,10,6,4,6,5,10,4,7,8,6,4,8,3,6,8,5,3,7,7,8,7,4,9,4,4,4,8,4,7,3,7,2,6,7,6,7,6,6,6,8,3,7,3,5,8,6,3,4,3,8,9,5,4,6,4,8,6,6,4,7,3,6,5,3,5,4,7,4,1,5,8,7,4,4,6,6,5,8,7,8,6,8,5,7,7,4,9,6,2,7,4,6,5,6,6,1,4,5,6,3,4,5,3,6,9,6,7,4,4,7,9,11,6,5,4,4,13,5,3,5,4,7,2,5,9,5,5,6,9,7,7,8,4,3,7,8,10,2,5,4,4,5,5,6,6,5,9,4,7,6,4,5,8,6,6,4,9,7,5,9,6,3,8,5,5,11,5,5,2,7,5,4,8,8,9,7,8,6,9,6,5,7,4,7,6,6,8,1,5,5,5,5,6,5,5,4,7,7,7,6,4,7,6,12,5,4,5,4,6,10,8,4,7,6,6,4,4,6,5,8,8,7,7,8,1,9,7,3,9,5,7,7,5,5,8,7,5,7,11,10,4,9,7,5,4,6,5,5,6,6,9,7,6,9,9,6,9,7,2,3,6,7,3,10,5,6,6,8,7,5,8,9,6,3,4,4,7,6,8,5,5,5,6,5,6,4,9,2,7,9,5,5,6,7,8,1,8,10,9,7,3,8,4,4,8,5,7,3,5,6,7,5,5,5,5,5,6,4,6,6,5,3,6,7,9,6,7,3,5,7,5,7,2,5,6,5,5,11,7,4,7,7,8,10,7,4,7,6,8,6,4,6,6,7,10,7,8,5,4,7,4,6,10,2,7,5,5,4,5,6,5,3,8,5,5,5,5,7,5,5,7,8,4,1,5,7,4,4,7,6,7,6,4,7,5,5,9,5,6,4,8,6,6,3,5,6,9,5,5,8,8,2,6,6,6,7,8,2,6,6,7,6,6,5,8,4,9,5,6,4,5,11,8,7,2,9,2,4,7,6,5,5,6,7,4,5,7,5,7,5,2,5,5,5,7,4,4,6,7,11,5,11,11,6,5,6,11,6,7,5,10,8,6,7,4,4,5,5,8,6,8,4,9,7,6,7,5,10,7,3,5,2,4,7,2,7,8,6,3,7,4,9,7,8,6,8,5,5,2,8,5,4,4,8,8,9,5,5,8,3,11,8,7,5,6,11,6,2,10,5,8,7,6,5,9,5,4,3,5,7,10,8,2,3,7,9,7,4,10,4,5,5,3,6,10,4,6,6,8,5,5,4,8,6,3,8,8,5,7,7,4,5,4,7,5,6,6,7,10,6,8,8,7,7,7,6,3,7,5,5,11,4,9,9,8,8,3,6,4,5,6,6,5,8,2,7,6,8,8,7,5,7,5,5,8,4,6,4,5,6,6,5,8,7,3,7,6,7,10,6,4,5,4,6,7,3,6,5,5,9,7,5,7,6,8,5,5,3,0,6,3,9,7,11,4,4,5,5,7,3,3,5,7,6,6,5,5,6,5,6,3,6,4,4,5,12,7,2,3,6,7,6,5,4,8,5,6,6,6,4,7,7,5,7,5,5,7,2,5,8,8,3,7,7,4,7,4,5,5,7,4,5,6,8,6,5,3,9,8,6,3,6,6,5,9,7,4,5,3,7,4,2,5,12,7,7,2,8,4,10,3,3,8,7,3,7,7,5,7,4,9,6,8,9,8,4,4,10,6,5,5,1,5,6,6,6,9,8,3,2,9,5,4,7,8,3,7,7,3,5,2,6,10,5,7,5,6,4,8,6,7,8,7,3,7,5,7,8,5,7,4,5,6,4,4,5,7,5,11,5,5,3,10,7,3,5,10,8,2,5,8,4,4,5,8,7,4,7,11,8,3,8,5,5,4,5,4,7,7,4,4,4,8,7,6,6,5,2,4,6,8,6,9,7,7,4,4,8,6,7,3,9,5,6,6,4,4,7,5,4,8,7,9,6,8,6,6,6,6,3,5,2,5,5,10,5,5,9,4,14,4,2,9,7,5,10,6,8,3,3,3,8,5,5,6,8,5,5,5,9,5,4,8,12,4,5,6,5,3,6,5,8,6,8,11,3,5,7,3,4,4,4,3,7,9,5,2,5,4,9,8,9,9,11,9,5,8,7,10,10,6,7,4,7,6,3,5,8,8,7,7,4,7,6,9,5,5,8,9,7,5,6,7,9,4,8,10,5,3,2,6,10,7,7,7,8,5,8,3,9,7,3,5,4,3,4,4,5,3,5,6,7,9,2,6,10,4,4,8,2,5,8,6,9,11,7,5,7,10,6,4,5,5,5,2,3,3,6,6,5,4,4,5,5,6,4,6,6,8,9,3,5,6,5,4,7,8,5,7,7,5,6,8,7,4,4,6,5,2,4,9,5,4,5,5,6,6,4,2,8,4,3,3,7,6,3,6,5,5,7,8,3,5,7,4,8,7,5,7,9,5,8,6,7,4,3,8,4,7,7,6,6,5,6,3,6,7,3,6,4,7,6,10,6,5,2,8,2,3,5,7,8,7,10,5,8,6,6,7,8,5,10,10,5,7,5,6,4,7,5,3,6,4,8,3,4,6,10,9,7,5,6,8,4,3,8,4,5,6,5,4,8,5,9,4,7,6,7,4,8,5,5,5,4,1,8,4,8,8,7,8,9,3,9,8,4,8,5,4,5,7,6,7,5,6,7,4,8,5,5,7,7,3,7,4,2,7,11,5,2,5,5,9,3,10,4,6,7,9,5,7,1,5,6,7,6,2,8,4,3,6,5,5,5,8,4,6,5,6,7,9,7,6,6,6,3,9,4,5,6,7,7,6,9,8,4,8,5,2,7,9,4,7,8,3,7,2,7,9,8,3,4,7,4,6,6,10,6,7,5,7,7,8,5,6,7,3,6,3,5,6,6,3,5,6,9,9,9,6,5,7,8,7,8,6,6,6,3,10,10,8,4,5,5,5,4,4,2,6,7,3,8,5,7,7,6,2,6,4,5,9,6,6,6,6,1,6,8,4,4,4,9,4,5,6,4,8,6,5,8,5,6,4,6,6,4,4,6,5,7,4,9,7,5,5,5,4,9,9,5,6,7,9,8,3,7,4,10,6,9,5,6,5,5,4,4,7,6,4,7,8,8,6,4,5,2,5,6,5,9,7,7,5,2,4,6,6,6,7,6,7,6,6,8,2,5,4,7,5,5,3,8,2,6,6,5,3,4,7,4,5,7,3,7,8,6,7,5,4,8,9,0,10,11,5,7,5,5,6,5,7,5,7,5,10,4,6,8,5,7,6,5,4,8,4,7,6,8,6,6,5,3,6,9,3,6,6,6,4,8,3,9,7,11,6,4,6,8,6,4,7,5,2,4,9,7,5,9,6,5,1,7,4,4,7,5,7,6,7,6,5,5,6,8,7,4,3,7,5,4,8,8,10,6,9,7,5,8,9,6,6,7,7,7,9,7,8,7,8,7,5,5,5,7,11,3,13,4,3,7,11,5,6,7,7,3,5,10,8,6,6,6,5,3,7,9,4,11,6,7,2,5,6,6,3,7,6,4,4,6,6,4,6,6,7,6,5,6,8,8,3,5,6,9,9,5,8,5,2,5,7,4,5,9,5,6,2,7,5,5,7,5,6,7,3,8,8,6,8,8,7,7,3,10,6,5,4,6,5,4,4,9,5,6,6,6,8,6,4,5,7,2,9,5,7,4,8,5,9,7,2,10,7,7,4,6,8,8,12,1,4,3,4,6,7,7,5,5,7,5,8,7,9,10,10,9,10,9,5,3,7,5,5,3,4,4,8,6,7,7,1,2,9,5,8,7,3,10,6,7,8,8,4,8,6,9,4,3,6,5,6,4,4,5,4,6,5,8,3,7,7,6,5,5,7,6,5,3,8,13,5,4,4,5,6,8,6,7,6,4,9,6,3,5,4,9,3,3,5,3,7,3,7,5,7,6,4,2,4,5,6,5,5,6,4,5,8,8,4,7,5,8,8,6,8,5,7,5,6,4,8,6,4,6,5,7,4,6,4,3,11,6,5,10,7,9,7,4,8,6,4,5,5,7,8,9,5,7,6,5,8,9,4,5,9,7,7,5,3,4,7,4,7,7,8,7,9,7,4,6,5,6,7,5,4,3,4,10,3,9,6,8,8,12,7,6,3,7,8,6,6,5,6,2,7,8,9,5,8,4,6,4,0,10,7,6,7,6,6,7,3,6,5,7,7,4,4,8,9,4,10,7,8,4,6,5,3,7,5,2,8,5,3,6,4,8,3,3,6,8,6,9,7,6,10,6,5,8,6,5,9,3,7,5,5,7,8,6,5,4,5,5,7,7,6,8,7,5,7,7,7,9,8,5,6,4,7,9,3,6,4,7,4,7,6,7,6,7,4,5,9,4,8,8,8,5,4,7,2,2,6,7,6,6,6,4,4,2,3,9,7,3,5,6,5,6,7,10,8,2,6,13,6,6,5,9,3,7,6,1,14,2,9,7,7,4,6,9,4,5,7,8,5,3,10,4,5,6,4,5,4,7,4,5,6,9,7,3,8,7,4,6,9,5,4,7,7,7,2,7,3,3,10,3,8,7,7,10,9,3,4,5,6,6,5,7,7,8,5,5,11,8,11,6,6,5,8,2,6,6,5,7,6,5,6,8,10,4,5,8,7,7,4,8,7,6,4,8,3,5,7,5,5,3,9,6,8,4,6,3,7,3,7,5,5,4,10,3,6,8,3,8,9,6,5,5,3,10,6,7,5,9,5,5,3,6,7,8,4,5,5,4,9,9,5,4,5,10,8,8,4,6,4,7,9,2,4,9,5,9,7,5,6,2,4,5,8,6,4,6,7,8,6,5,6,9,10,10,2,9,7,7,7,3,7,4,7,8,5,7,10,5,6,8,8,6,6,5,6,4,6,5,6,2,4,6,8,5,3,4,7,4,8,10,6,6,5,4,4,6,4,8,4,9,5,6,8,7,6,5,8,4,2,5,2,3,6,3,2,9,6,9,4,4,6,2,9,4,6,5,5,6,7,9,4,4,7,10,4,5,8,4,7,4,6,9,5,9,8,7,6,6,4,6,5,3,6,4,5,6,8,6,3,7,6,4,3,4,8,7,7,8,7,8,4,5,7,8,6,5,6,5,4,6,4,2,8,3,5,6,8,8,5,4,4,7,6,2,5,4,5,5,9,7,5,6,8,7,6,3,6,5,6,1,6,7,8,4,6,6,5,3,2,5,8,7,7,3,4,2,3,5,5,4,4,3,9,2,7,3,10,7,10,12,9,6,8,6,6,8,10,6,4,7,6,4,6,3,6,7,6,4,5,4,4,8,8,6,7,5,10,7,6,7,4,9,4,5,5,6,8,9,7,8,7,6,7,6,5,4,6,7,4,6,4,9,7,7,4,8,6,6,6,7,8,4,3,5,5,8,4,4,7,10,8,5,2,4,6,9,8,6,5,6,8,5,8,5,5,6,3,6,12,7,7,4,8,4,10,8,4,7,5,10,4,5,7,9,7,6,7,7,2,8,8,7,3,9,6,10,9,3,8,6,4,8,4,6,6,4,9,8,5,7,9,7,2,6,8,5,7,5,8,7,4,4,8,4,6,3,3,2,5,5,5,9,5,7,4,6,6,8,4,2,5,7,4,8,5,7,7,7,3,5,5,5,6,6,7,9,5,4,8,3,6,9,6,7]","{""n_pa"":809,""era_1st"":2.670863309352518,""nrfi_rate"":0.8241206030150754,""k_rate_1st"":0.2904820766378245,""bb_rate_1st"":0.08529048207663782,""nrfi_starts"":164,""opp_obp_1st"":0.3127317676143387,""yrfi_starts"":35,""games_started"":199,""runs_allowed_1st"":55}","{""n_pa"":484,""era_1st"":3.2558823529411764,""nrfi_rate"":0.7950819672131147,""k_rate_1st"":0.21487603305785125,""bb_rate_1st"":0.07024793388429752,""nrfi_starts"":97,""opp_obp_1st"":0.2975206611570248,""yrfi_starts"":25,""games_started"":122,""runs_allowed_1st"":41}"