id,game_prediction_id,game_id,game_date,player_id,player_name,side,batting_order,p_1h,p_2tb,p_1hr,p_1rbi,p_1sb,predicted_at
1,1,824447,2026-04-28,802415,Chandler Simpson,away,1,0.693,0.371951,0.0510904,0.1705,0.0465,2026-04-29 13:37:24.710353+00
2,1,824447,2026-04-28,691406,Junior Caminero,away,2,0.6845,0.410029,0.12634,0.255,0.036,2026-04-29 13:37:24.710353+00
3,1,824447,2026-04-28,666018,Jonathan Aranda,away,3,0.6685,0.426281,0.144954,0.278,0.028,2026-04-29 13:37:24.710353+00
4,1,824447,2026-04-28,650490,Yandy Díaz,away,4,0.6835,0.429532,0.169905,0.3135,0.026,2026-04-29 13:37:24.710353+00
5,1,824447,2026-04-28,641584,Jake Fraley,away,5,0.6535,0.386811,0.0990125,0.248,0.036,2026-04-29 13:37:24.710353+00
6,1,824447,2026-04-28,656775,Cedric Mullins,away,6,0.595,0.317157,0.0673285,0.1915,0.0315,2026-04-29 13:37:24.710353+00
7,1,824447,2026-04-28,663743,Nick Fortes,away,7,0.668,0.381703,0.11129,0.248,0.0345,2026-04-29 13:37:24.710353+00
8,1,824447,2026-04-28,680700,Richie Palacios,away,8,0.586,0.349198,0.119211,0.2355,0.0245,2026-04-29 13:37:24.710353+00
9,1,824447,2026-04-28,670764,Taylor Walls,away,9,0.581,0.280937,0.0518826,0.1665,0.023,2026-04-29 13:37:24.710353+00
10,1,824447,2026-04-28,680757,Steven Kwan,home,1,0.6755,0.334803,0,0.1175,0.048,2026-04-29 13:37:24.710353+00
11,1,824447,2026-04-28,800050,Chase DeLauter,home,2,0.7055,0.451357,0.194461,0.3285,0.0475,2026-04-29 13:37:24.710353+00
12,1,824447,2026-04-28,608070,José Ramírez,home,3,0.751,0.450892,0.127528,0.27,0.038,2026-04-29 13:37:24.710353+00
13,1,824447,2026-04-28,700932,Kyle Manzardo,home,4,0.6675,0.360807,0.0811903,0.2255,0.0315,2026-04-29 13:37:24.710353+00
14,1,824447,2026-04-28,682177,Daniel Schneemann,home,5,0.66,0.36963,0.103765,0.253,0.0325,2026-04-29 13:37:24.710353+00
15,1,824447,2026-04-28,682657,Angel Martínez,home,6,0.616,0.346412,0.104557,0.242,0.0265,2026-04-29 13:37:24.710353+00
16,1,824447,2026-04-28,683953,Travis Bazzana,home,7,0.536,0.26097,0.055447,0.1545,0.028,2026-04-29 13:37:24.710353+00
17,1,824447,2026-04-28,666310,Bo Naylor,home,8,0.579,0.285116,0.0617838,0.1595,0.0385,2026-04-29 13:37:24.710353+00
18,1,824447,2026-04-28,677587,Brayan Rocchio,home,9,0.525,0.249361,0.0483181,0.154,0.026,2026-04-29 13:37:24.710353+00
19,2,824849,2026-04-28,621043,Carlos Correa,away,1,0.715,0.434255,0.126087,0.309,0.049,2026-04-29 13:37:24.710353+00
20,2,824849,2026-04-28,670541,Yordan Alvarez,away,2,0.706,0.399846,0.116535,0.2985,0.04,2026-04-29 13:37:24.710353+00
21,2,824849,2026-04-28,670623,Isaac Paredes,away,3,0.6405,0.327978,0.0745061,0.2415,0.0345,2026-04-29 13:37:24.710353+00
22,2,824849,2026-04-28,514888,Jose Altuve,away,4,0.6925,0.41901,0.167798,0.3635,0.031,2026-04-29 13:37:24.710353+00
23,2,824849,2026-04-28,572233,Christian Walker,away,5,0.5265,0.291826,0.0866053,0.238,0.026,2026-04-29 13:37:24.710353+00
24,2,824849,2026-04-28,673237,Yainer Diaz,away,6,0.633,0.31012,0.0563572,0.2155,0.0365,2026-04-29 13:37:24.710353+00
25,2,824849,2026-04-28,687957,Dustin Harris,away,7,0.574,0.305329,0.0780085,0.239,0.0295,2026-04-29 13:37:24.710353+00
26,2,824849,2026-04-28,701358,Cam Smith,away,8,0.6085,0.317089,0.0980678,0.263,0.027,2026-04-29 13:37:24.710353+00
27,2,824849,2026-04-28,694728,Brice Matthews,away,9,0.6215,0.306635,0.0620884,0.2155,0.042,2026-04-29 13:37:24.710353+00
28,2,824849,2026-04-28,683002,Gunnar Henderson,home,1,0.7275,0.41509,0.102525,0.253,0.0495,2026-04-29 13:37:24.710353+00
29,2,824849,2026-04-28,621493,Taylor Ward,home,2,0.7075,0.427722,0.153788,0.3175,0.038,2026-04-29 13:37:24.710353+00
30,2,824849,2026-04-28,668939,Adley Rutschman,home,3,0.614,0.3258,0.103481,0.2485,0.033,2026-04-29 13:37:24.710353+00
31,2,824849,2026-04-28,624413,Pete Alonso,home,4,0.68,0.368485,0.101889,0.258,0.0355,2026-04-29 13:37:24.710353+00
32,2,824849,2026-04-28,694212,Samuel Basallo,home,5,0.6565,0.347578,0.106665,0.27,0.0345,2026-04-29 13:37:24.710353+00
33,2,824849,2026-04-28,665750,Leody Taveras,home,6,0.667,0.351063,0.0837397,0.25,0.0355,2026-04-29 13:37:24.710353+00
34,2,824849,2026-04-28,687637,Dylan Beavers,home,7,0.5315,0.272226,0.06973,0.2015,0.0285,2026-04-29 13:37:24.710353+00
35,2,824849,2026-04-28,691723,Coby Mayo,home,8,0.6415,0.309249,0.0480787,0.19,0.034,2026-04-29 13:37:24.710353+00
36,2,824849,2026-04-28,669236,Jeremiah Jackson,home,9,0.4735,0.196874,0.0671828,0.1785,0.027,2026-04-29 13:37:24.710353+00
37,3,824526,2026-04-28,666397,Edouard Julien,away,1,0.783,0.569803,0.169323,0.2435,0.0525,2026-04-29 13:37:24.710353+00
38,3,824526,2026-04-28,666160,Mickey Moniak,away,2,0.7985,0.648927,0.24892,0.3125,0.0455,2026-04-29 13:37:24.710353+00
39,3,824526,2026-04-28,696100,Hunter Goodman,away,3,0.7775,0.599972,0.258327,0.32,0.039,2026-04-29 13:37:24.710353+00
40,3,824526,2026-04-28,681198,TJ Rumfield,away,4,0.6535,0.448556,0.299572,0.3175,0.0255,2026-04-29 13:37:24.710353+00
41,3,824526,2026-04-28,671289,Tyler Freeman,away,5,0.6975,0.510603,0.230106,0.2895,0.0375,2026-04-29 13:37:24.710353+00
42,3,824526,2026-04-28,687859,Troy Johnston,away,6,0.733,0.510033,0.201162,0.287,0.0415,2026-04-29 13:37:24.710353+00
43,3,824526,2026-04-28,691720,Kyle Karros,away,7,0.701,0.514018,0.223594,0.2655,0.039,2026-04-29 13:37:24.710353+00
44,3,824526,2026-04-28,678662,Ezequiel Tovar,away,8,0.605,0.494664,0.326346,0.327,0.0225,2026-04-29 13:37:24.710353+00
45,3,824526,2026-04-28,664983,Jake McCarthy,away,9,0.6925,0.450264,0.115053,0.2015,0.045,2026-04-29 13:37:24.710353+00
46,3,824526,2026-04-28,667472,Dane Myers,home,1,0.66,0.465633,0.188137,0.224,0.0355,2026-04-29 13:37:24.710353+00
47,3,824526,2026-04-28,680574,Matt McLain,home,2,0.6535,0.50491,0.275693,0.281,0.0395,2026-04-29 13:37:24.710353+00
48,3,824526,2026-04-28,682829,Elly De La Cruz,home,3,0.6615,0.504341,0.300296,0.3045,0.035,2026-04-29 13:37:24.710353+00
49,3,824526,2026-04-28,701398,Sal Stewart,home,4,0.6595,0.450833,0.180178,0.2235,0.04,2026-04-29 13:37:24.710353+00
50,3,824526,2026-04-28,668715,Spencer Steer,home,5,0.5665,0.317632,0.065848,0.158,0.0265,2026-04-29 13:37:24.710353+00
51,3,824526,2026-04-28,663993,Nathaniel Lowe,home,6,0.5965,0.342679,0.136761,0.1905,0.0295,2026-04-29 13:37:24.710353+00
52,3,824526,2026-04-28,663886,Tyler Stephenson,home,7,0.5305,0.258432,0.0817673,0.138,0.025,2026-04-29 13:37:24.710353+00
53,3,824526,2026-04-28,677956,Rece Hinds,home,8,0.6285,0.444572,0.162811,0.2155,0.0315,2026-04-29 13:37:24.710353+00
54,3,824526,2026-04-28,663647,Ke'Bryan Hayes,home,9,0.544,0.298848,0.0730841,0.1545,0.0325,2026-04-29 13:37:24.710353+00
73,5,823473,2026-04-28,808982,Jung Hoo Lee,away,1,0.747,0.568928,0.21609,0.26,0.0435,2026-04-29 13:37:24.710353+00
74,5,823473,2026-04-28,656305,Matt Chapman,away,2,0.683,0.597779,0.487703,0.3915,0.0305,2026-04-29 13:37:24.710353+00
75,5,823473,2026-04-28,650333,Luis Arraez,away,3,0.739,0.634707,0.372155,0.3475,0.0295,2026-04-29 13:37:24.710353+00
76,5,823473,2026-04-28,669477,Casey Schmitt,away,4,0.6965,0.547002,0.330137,0.3225,0.0345,2026-04-29 13:37:24.710353+00
77,5,823473,2026-04-28,646240,Rafael Devers,away,5,0.7165,0.550464,0.183076,0.2595,0.051,2026-04-29 13:37:24.710353+00
78,5,823473,2026-04-28,642715,Willy Adames,away,6,0.6325,0.396403,0.132805,0.215,0.037,2026-04-29 13:37:24.710353+00
79,5,823473,2026-04-28,671218,Heliot Ramos,away,7,0.67,0.469106,0.126803,0.2135,0.0365,2026-04-29 13:37:24.710353+00
80,5,823473,2026-04-28,687551,Drew Gilbert,away,8,0.6315,0.422369,0.190579,0.2415,0.034,2026-04-29 13:37:24.710353+00
81,5,823473,2026-04-28,672275,Patrick Bailey,away,9,0.5555,0.358321,0.145561,0.2055,0.023,2026-04-29 13:37:24.710353+00
82,5,823473,2026-04-28,607208,Trea Turner,home,1,0.6225,0.390056,0.0817841,0.159,0.044,2026-04-29 13:37:24.710353+00
83,5,823473,2026-04-28,656941,Kyle Schwarber,home,2,0.6805,0.519883,0.258108,0.2645,0.0345,2026-04-29 13:37:24.710353+00
84,5,823473,2026-04-28,547180,Bryce Harper,home,3,0.622,0.38544,0.0487703,0.1335,0.041,2026-04-29 13:37:24.710353+00
85,5,823473,2026-04-28,666969,Adolis García,home,4,0.5815,0.39698,0.16882,0.2095,0.03,2026-04-29 13:37:24.710353+00
86,5,823473,2026-04-28,669016,Brandon Marsh,home,5,0.695,0.523345,0.285869,0.3125,0.039,2026-04-29 13:37:24.710353+00
87,5,823473,2026-04-28,681082,Bryson Stott,home,6,0.641,0.478338,0.267111,0.278,0.0295,2026-04-29 13:37:24.710353+00
88,5,823473,2026-04-28,664761,Alec Bohm,home,7,0.666,0.467375,0.21534,0.254,0.0285,2026-04-29 13:37:24.710353+00
89,5,823473,2026-04-28,702222,Justin Crawford,home,8,0.4775,0.315623,0.154564,0.192,0.031,2026-04-29 13:37:24.710353+00
90,5,823473,2026-04-28,665561,Rafael Marchán,home,9,0.592,0.364668,0.110296,0.172,0.033,2026-04-29 13:37:24.710353+00
217,13,825017,2026-04-29,672580,Maikel Garcia,away,1,0.685,0.397548,0.089991,0.173,0.056,2026-04-29 13:37:24.710353+00
218,13,825017,2026-04-29,677951,Bobby Witt Jr.,away,2,0.723,0.539048,0.332189,0.3845,0.0355,2026-04-29 13:37:24.710353+00
219,13,825017,2026-04-29,686469,Vinnie Pasquantino,away,3,0.7605,0.581031,0.274417,0.3625,0.0345,2026-04-29 13:37:24.710353+00
220,13,825017,2026-04-29,521692,Salvador Perez,away,4,0.7235,0.530236,0.258863,0.3505,0.035,2026-04-29 13:37:24.710353+00
221,13,825017,2026-04-29,695506,Jac Caglianone,away,5,0.616,0.371114,0.140541,0.257,0.032,2026-04-29 13:37:24.710353+00
222,13,825017,2026-04-29,657041,Lane Thomas,away,6,0.7045,0.446788,0.203313,0.3065,0.0405,2026-04-29 13:37:24.710353+00
223,13,825017,2026-04-29,686555,Isaac Collins,away,7,0.654,0.459745,0.193314,0.277,0.0275,2026-04-29 13:37:24.710353+00
224,13,825017,2026-04-29,679845,Nick Loftin,away,8,0.5295,0.277299,0.06666,0.1605,0.032,2026-04-29 13:37:24.710353+00
225,13,825017,2026-04-29,664728,Kyle Isbel,away,9,0.611,0.347271,0.069993,0.1775,0.0335,2026-04-29 13:37:24.710353+00
226,13,825017,2026-04-29,805779,Jacob Wilson,home,1,0.705,0.414134,0.063327,0.1685,0.048,2026-04-29 13:37:24.710353+00
227,13,825017,2026-04-29,669127,Shea Langeliers,home,2,0.7285,0.504839,0.190536,0.291,0.032,2026-04-29 13:37:24.710353+00
228,13,825017,2026-04-29,701762,Nick Kurtz,home,3,0.648,0.411542,0.171094,0.264,0.0265,2026-04-29 13:37:24.710353+00
229,13,825017,2026-04-29,667670,Brent Rooker,home,4,0.7065,0.45819,0.213312,0.2945,0.0395,2026-04-29 13:37:24.710353+00
230,13,825017,2026-04-29,687515,Colby Thomas,home,5,0.5275,0.299586,0.131654,0.21,0.026,2026-04-29 13:37:24.710353+00
231,13,825017,2026-04-29,691016,Tyler Soderstrom,home,6,0.67,0.428647,0.157762,0.252,0.0325,2026-04-29 13:37:24.710353+00
232,13,825017,2026-04-29,680869,Zack Gelof,home,7,0.6675,0.412579,0.113322,0.2195,0.0265,2026-04-29 13:37:24.710353+00
233,13,825017,2026-04-29,687231,Darell Hernaiz,home,8,0.5405,0.28922,0.038885,0.1435,0.022,2026-04-29 13:37:24.710353+00
234,13,825017,2026-04-29,643446,Jeff McNeil,home,9,0.581,0.347789,0.0672155,0.1905,0.024,2026-04-29 13:37:24.710353+00
253,15,825017,2026-04-29,672580,Maikel Garcia,away,1,0.671,0.371514,0.08547,0.168,0.051,2026-04-29 13:37:24.710353+00
254,15,825017,2026-04-29,677951,Bobby Witt Jr.,away,2,0.697,0.521777,0.292485,0.3595,0.036,2026-04-29 13:37:24.710353+00
255,15,825017,2026-04-29,686469,Vinnie Pasquantino,away,3,0.772,0.597427,0.27639,0.3625,0.0365,2026-04-29 13:37:24.710353+00
256,15,825017,2026-04-29,521692,Salvador Perez,away,4,0.7115,0.495351,0.27417,0.352,0.0335,2026-04-29 13:37:24.710353+00
257,15,825017,2026-04-29,695506,Jac Caglianone,away,5,0.5965,0.379286,0.138195,0.242,0.038,2026-04-29 13:37:24.710353+00
258,15,825017,2026-04-29,657041,Lane Thomas,away,6,0.675,0.452345,0.21201,0.302,0.0405,2026-04-29 13:37:24.710353+00
259,15,825017,2026-04-29,686555,Isaac Collins,away,7,0.6475,0.453899,0.18093,0.2715,0.028,2026-04-29 13:37:24.710353+00
260,15,825017,2026-04-29,679845,Nick Loftin,away,8,0.529,0.272029,0.0666,0.1465,0.0245,2026-04-29 13:37:24.710353+00
261,15,825017,2026-04-29,664728,Kyle Isbel,away,9,0.608,0.33887,0.06438,0.1675,0.04,2026-04-29 13:37:24.710353+00
262,15,825017,2026-04-29,805779,Jacob Wilson,home,1,0.701,0.423847,0.077145,0.1795,0.041,2026-04-29 13:37:24.710353+00
263,15,825017,2026-04-29,669127,Shea Langeliers,home,2,0.723,0.484988,0.172605,0.268,0.042,2026-04-29 13:37:24.710353+00
264,15,825017,2026-04-29,701762,Nick Kurtz,home,3,0.658,0.418147,0.167055,0.252,0.0335,2026-04-29 13:37:24.710353+00
265,15,825017,2026-04-29,667670,Brent Rooker,home,4,0.7135,0.477734,0.219225,0.3075,0.03,2026-04-29 13:37:24.710353+00
266,15,825017,2026-04-29,687515,Colby Thomas,home,5,0.513,0.289646,0.12765,0.1995,0.031,2026-04-29 13:37:24.710353+00
267,15,825017,2026-04-29,691016,Tyler Soderstrom,home,6,0.6695,0.431619,0.148185,0.225,0.0395,2026-04-29 13:37:24.710353+00
268,15,825017,2026-04-29,680869,Zack Gelof,home,7,0.6755,0.419183,0.111555,0.208,0.0365,2026-04-29 13:37:24.710353+00
269,15,825017,2026-04-29,687231,Darell Hernaiz,home,8,0.5435,0.275656,0.03663,0.133,0.0285,2026-04-29 13:37:24.710353+00
270,15,825017,2026-04-29,643446,Jeff McNeil,home,9,0.6005,0.343533,0.069375,0.1745,0.0275,2026-04-29 13:37:24.710353+00
289,17,825017,2026-04-29,672580,Maikel Garcia,away,1,0.6795,0.371601,0.076038,0.1765,0.056,2026-04-29 13:37:24.710353+00
290,17,825017,2026-04-29,677951,Bobby Witt Jr.,away,2,0.7145,0.508044,0.30305,0.3645,0.037,2026-04-29 13:37:24.710353+00
291,17,825017,2026-04-29,686469,Vinnie Pasquantino,away,3,0.7525,0.582467,0.265582,0.356,0.0415,2026-04-29 13:37:24.710353+00
292,17,825017,2026-04-29,521692,Salvador Perez,away,4,0.724,0.513729,0.251807,0.346,0.038,2026-04-29 13:37:24.710353+00
293,17,825017,2026-04-29,695506,Jac Caglianone,away,5,0.619,0.376252,0.153729,0.2705,0.031,2026-04-29 13:37:24.710353+00
294,17,825017,2026-04-29,657041,Lane Thomas,away,6,0.6895,0.468765,0.228114,0.3135,0.0355,2026-04-29 13:37:24.710353+00
295,17,825017,2026-04-29,686555,Isaac Collins,away,7,0.645,0.46463,0.215441,0.2985,0.029,2026-04-29 13:37:24.710353+00
296,17,825017,2026-04-29,679845,Nick Loftin,away,8,0.5575,0.294076,0.076589,0.1735,0.0295,2026-04-29 13:37:24.710353+00
297,17,825017,2026-04-29,664728,Kyle Isbel,away,9,0.6025,0.339557,0.078793,0.1935,0.028,2026-04-29 13:37:24.710353+00
298,17,825017,2026-04-29,805779,Jacob Wilson,home,1,0.6745,0.393824,0.06061,0.1695,0.045,2026-04-29 13:37:24.710353+00
299,17,825017,2026-04-29,669127,Shea Langeliers,home,2,0.72,0.49719,0.163647,0.28,0.0425,2026-04-29 13:37:24.710353+00
300,17,825017,2026-04-29,701762,Nick Kurtz,home,3,0.647,0.411397,0.179626,0.27,0.026,2026-04-29 13:37:24.710353+00
301,17,825017,2026-04-29,667670,Brent Rooker,home,4,0.682,0.438272,0.227012,0.2985,0.0305,2026-04-29 13:37:24.710353+00
302,17,825017,2026-04-29,687515,Colby Thomas,home,5,0.508,0.286841,0.139403,0.21,0.028,2026-04-29 13:37:24.710353+00
303,17,825017,2026-04-29,691016,Tyler Soderstrom,home,6,0.647,0.409846,0.157586,0.245,0.036,2026-04-29 13:37:24.710353+00
304,17,825017,2026-04-29,680869,Zack Gelof,home,7,0.6615,0.406228,0.103588,0.191,0.03,2026-04-29 13:37:24.710353+00
305,17,825017,2026-04-29,687231,Darell Hernaiz,home,8,0.539,0.272886,0.033611,0.135,0.022,2026-04-29 13:37:24.710353+00
306,17,825017,2026-04-29,643446,Jeff McNeil,home,9,0.5725,0.330254,0.057304,0.169,0.0265,2026-04-29 13:37:24.710353+00
307,18,823310,2026-04-29,663538,Nico Hoerner,away,1,0.706,0.439425,0.148216,0.2935,0.055,2026-04-29 13:37:24.710353+00
308,18,823310,2026-04-29,694208,Moisés Ballesteros,away,2,0.728,0.45239,0.177316,0.342,0.038,2026-04-29 13:37:24.710353+00
309,18,823310,2026-04-29,673548,Seiya Suzuki,away,3,0.703,0.432942,0.130756,0.2875,0.0405,2026-04-29 13:37:24.710353+00
310,18,823310,2026-04-29,664023,Ian Happ,away,4,0.6885,0.404234,0.104372,0.286,0.041,2026-04-29 13:37:24.710353+00
311,18,823310,2026-04-29,683737,Michael Busch,away,5,0.6765,0.363949,0.071004,0.247,0.0455,2026-04-29 13:37:24.710353+00
312,18,823310,2026-04-29,608348,Carson Kelly,away,6,0.6165,0.329221,0.1067,0.261,0.033,2026-04-29 13:37:24.710353+00
313,18,823310,2026-04-29,621020,Dansby Swanson,away,7,0.608,0.292641,0.08148,0.219,0.038,2026-04-29 13:37:24.710353+00
314,18,823310,2026-04-29,691718,Pete Crow-Armstrong,away,8,0.6065,0.27412,0.040352,0.1735,0.0375,2026-04-29 13:37:24.710353+00
315,18,823310,2026-04-29,807713,Matt Shaw,away,9,0.6085,0.316256,0.073332,0.213,0.0325,2026-04-29 13:37:24.710353+00
316,18,823310,2026-04-29,657656,Ramón Laureano,home,1,0.6595,0.334778,0.043068,0.169,0.0485,2026-04-29 13:37:24.710353+00
317,18,823310,2026-04-29,665487,Fernando Tatis Jr.,home,2,0.6375,0.332,0.086912,0.2095,0.03,2026-04-29 13:37:24.710353+00
318,18,823310,2026-04-29,701538,Jackson Merrill,home,3,0.7165,0.43711,0.118728,0.265,0.033,2026-04-29 13:37:24.710353+00
319,18,823310,2026-04-29,593428,Xander Bogaerts,home,4,0.697,0.434795,0.14938,0.3095,0.032,2026-04-29 13:37:24.710353+00
320,18,823310,2026-04-29,664034,Ty France,home,5,0.6755,0.410253,0.16102,0.3265,0.0355,2026-04-29 13:37:24.710353+00
321,18,823310,2026-04-29,657757,Gavin Sheets,home,6,0.6195,0.328295,0.113684,0.252,0.0285,2026-04-29 13:37:24.710353+00
322,18,823310,2026-04-29,669134,Luis Campusano,home,7,0.675,0.375525,0.115624,0.2435,0.0325,2026-04-29 13:37:24.710353+00
323,18,823310,2026-04-29,669369,Bryce Johnson,home,8,0.619,0.363486,0.112132,0.264,0.026,2026-04-29 13:37:24.710353+00
324,18,823310,2026-04-29,630105,Jake Cronenworth,home,9,0.5545,0.306996,0.078764,0.1975,0.0245,2026-04-29 13:37:24.710353+00
343,20,825017,2026-04-29,672580,Maikel Garcia,away,1,0.691,0.382971,0.075487,0.167,0.049,2026-04-29 13:37:24.710353+00
344,20,825017,2026-04-29,677951,Bobby Witt Jr.,away,2,0.7175,0.530784,0.332804,0.378,0.0385,2026-04-29 13:37:24.710353+00
345,20,825017,2026-04-29,686469,Vinnie Pasquantino,away,3,0.743,0.574715,0.255113,0.341,0.035,2026-04-29 13:37:24.710353+00
346,20,825017,2026-04-29,521692,Salvador Perez,away,4,0.7505,0.551974,0.30305,0.37,0.0335,2026-04-29 13:37:24.710353+00
347,20,825017,2026-04-29,695506,Jac Caglianone,away,5,0.598,0.360747,0.125077,0.2305,0.0325,2026-04-29 13:37:24.710353+00
348,20,825017,2026-04-29,657041,Lane Thomas,away,6,0.703,0.454294,0.224257,0.301,0.0405,2026-04-29 13:37:24.710353+00
349,20,825017,2026-04-29,686555,Isaac Collins,away,7,0.6745,0.481169,0.207727,0.2845,0.0385,2026-04-29 13:37:24.710353+00
350,20,825017,2026-04-29,679845,Nick Loftin,away,8,0.5585,0.292009,0.07163,0.1635,0.0365,2026-04-29 13:37:24.710353+00
351,20,825017,2026-04-29,664728,Kyle Isbel,away,9,0.6245,0.341625,0.072181,0.1795,0.038,2026-04-29 13:37:24.710353+00
352,20,825017,2026-04-29,805779,Jacob Wilson,home,1,0.6915,0.415014,0.072181,0.186,0.0445,2026-04-29 13:37:24.710353+00
353,20,825017,2026-04-29,669127,Shea Langeliers,home,2,0.743,0.511145,0.168055,0.283,0.0425,2026-04-29 13:37:24.710353+00
354,20,825017,2026-04-29,701762,Nick Kurtz,home,3,0.6465,0.402611,0.166402,0.2585,0.0265,2026-04-29 13:37:24.710353+00
355,20,825017,2026-04-29,667670,Brent Rooker,home,4,0.702,0.473416,0.224808,0.304,0.0305,2026-04-29 13:37:24.710353+00
356,20,825017,2026-04-29,687515,Colby Thomas,home,5,0.497,0.293043,0.122322,0.1915,0.0195,2026-04-29 13:37:24.710353+00
357,20,825017,2026-04-29,691016,Tyler Soderstrom,home,6,0.6605,0.421216,0.153178,0.237,0.0325,2026-04-29 13:37:24.710353+00
358,20,825017,2026-04-29,680869,Zack Gelof,home,7,0.685,0.398993,0.103037,0.2005,0.0255,2026-04-29 13:37:24.710353+00
359,20,825017,2026-04-29,687231,Darell Hernaiz,home,8,0.5455,0.298211,0.040774,0.148,0.0155,2026-04-29 13:37:24.710353+00
360,20,825017,2026-04-29,643446,Jeff McNeil,home,9,0.5915,0.326637,0.058957,0.165,0.0295,2026-04-29 13:37:24.710353+00
361,21,823310,2026-04-29,663538,Nico Hoerner,away,1,0.725,0.46906,0.158692,0.323,0.0395,2026-04-29 13:37:24.710353+00
362,21,823310,2026-04-29,694208,Moisés Ballesteros,away,2,0.7245,0.44174,0.185076,0.3415,0.0485,2026-04-29 13:37:24.710353+00
363,21,823310,2026-04-29,673548,Seiya Suzuki,away,3,0.698,0.402845,0.123772,0.299,0.0325,2026-04-29 13:37:24.710353+00
364,21,823310,2026-04-29,664023,Ian Happ,away,4,0.6965,0.40053,0.100104,0.274,0.0395,2026-04-29 13:37:24.710353+00
365,21,823310,2026-04-29,683737,Michael Busch,away,5,0.6695,0.363023,0.077212,0.2565,0.0325,2026-04-29 13:37:24.710353+00
366,21,823310,2026-04-29,608348,Carson Kelly,away,6,0.632,0.3533,0.111356,0.271,0.031,2026-04-29 13:37:24.710353+00
367,21,823310,2026-04-29,621020,Dansby Swanson,away,7,0.6235,0.298198,0.084196,0.2245,0.0375,2026-04-29 13:37:24.710353+00
368,21,823310,2026-04-29,691718,Pete Crow-Armstrong,away,8,0.592,0.27875,0.046172,0.173,0.036,2026-04-29 13:37:24.710353+00
369,21,823310,2026-04-29,807713,Matt Shaw,away,9,0.6075,0.34265,0.074496,0.22,0.03,2026-04-29 13:37:24.710353+00
370,21,823310,2026-04-29,657656,Ramón Laureano,home,1,0.6865,0.357467,0.039576,0.171,0.0525,2026-04-29 13:37:24.710353+00
371,21,823310,2026-04-29,665487,Fernando Tatis Jr.,home,2,0.661,0.35793,0.095448,0.2195,0.0385,2026-04-29 13:37:24.710353+00
372,21,823310,2026-04-29,701538,Jackson Merrill,home,3,0.726,0.464429,0.137352,0.303,0.037,2026-04-29 13:37:24.710353+00
373,21,823310,2026-04-29,593428,Xander Bogaerts,home,4,0.7035,0.425534,0.138516,0.291,0.028,2026-04-29 13:37:24.710353+00
374,21,823310,2026-04-29,664034,Ty France,home,5,0.6795,0.424608,0.158304,0.312,0.027,2026-04-29 13:37:24.710353+00
375,21,823310,2026-04-29,657757,Gavin Sheets,home,6,0.609,0.319035,0.105536,0.2355,0.0315,2026-04-29 13:37:24.710353+00
376,21,823310,2026-04-29,669134,Luis Campusano,home,7,0.667,0.365802,0.107088,0.242,0.037,2026-04-29 13:37:24.710353+00
377,21,823310,2026-04-29,669369,Bryce Johnson,home,8,0.6095,0.355152,0.112908,0.2415,0.027,2026-04-29 13:37:24.710353+00
378,21,823310,2026-04-29,630105,Jake Cronenworth,home,9,0.571,0.313941,0.076048,0.205,0.0275,2026-04-29 13:37:24.710353+00
397,23,823390,2026-04-28,802139,JJ Wetherholt,away,1,0.7535,0.517769,0.204802,0.3055,0.042,2026-04-29 13:37:24.710353+00
398,23,823390,2026-04-28,671056,Iván Herrera,away,2,0.6505,0.332567,0.112025,0.1955,0.0515,2026-04-29 13:37:24.710353+00
399,23,823390,2026-04-28,676475,Alec Burleson,away,3,0.7425,0.501838,0.153972,0.2695,0.037,2026-04-29 13:37:24.710353+00
400,23,823390,2026-04-28,691023,Jordan Walker,away,4,0.693,0.422181,0.140648,0.2535,0.0415,2026-04-29 13:37:24.710353+00
401,23,823390,2026-04-28,669357,Nolan Gorman,away,5,0.7125,0.424172,0.0616875,0.219,0.0405,2026-04-29 13:37:24.710353+00
402,23,823390,2026-04-28,691026,Masyn Winn,away,6,0.7005,0.434627,0.116959,0.2605,0.0285,2026-04-29 13:37:24.710353+00
403,23,823390,2026-04-28,701675,Nathan Church,away,7,0.6455,0.395297,0.142128,0.268,0.0365,2026-04-29 13:37:24.710353+00
404,23,823390,2026-04-28,686780,Pedro Pagés,away,8,0.6945,0.353975,0.0271425,0.17,0.0365,2026-04-29 13:37:24.710353+00
405,23,823390,2026-04-28,687363,Victor Scott II,away,9,0.5525,0.280292,0.0903105,0.194,0.028,2026-04-29 13:37:24.710353+00
406,23,823390,2026-04-28,665833,Oneil Cruz,home,1,0.671,0.432138,0.14657,0.2315,0.0385,2026-04-29 13:37:24.710353+00
407,23,823390,2026-04-28,694377,Nick Yorke,home,2,0.72,0.41322,0.113505,0.2105,0.0485,2026-04-29 13:37:24.710353+00
408,23,823390,2026-04-28,668804,Bryan Reynolds,home,3,0.6615,0.373889,0.116466,0.2135,0.034,2026-04-29 13:37:24.710353+00
409,23,823390,2026-04-28,656811,Ryan O'Hearn,home,4,0.6785,0.393803,0.107089,0.23,0.0345,2026-04-29 13:37:24.710353+00
410,23,823390,2026-04-28,693304,Nick Gonzales,home,5,0.6705,0.439606,0.210231,0.325,0.0385,2026-04-29 13:37:24.710353+00
411,23,823390,2026-04-28,687462,Spencer Horwitz,home,6,0.6025,0.326593,0.06909,0.1875,0.032,2026-04-29 13:37:24.710353+00
412,23,823390,2026-04-28,804606,Konnor Griffin,home,7,0.4885,0.228018,0.075999,0.1595,0.031,2026-04-29 13:37:24.710353+00
413,23,823390,2026-04-28,663968,Jake Mangum,home,8,0.609,0.335554,0.122388,0.201,0.0325,2026-04-29 13:37:24.710353+00
414,23,823390,2026-04-28,680779,Henry Davis,home,9,0.5405,0.286267,0.062181,0.1465,0.0305,2026-04-29 13:37:24.710353+00
577,33,822823,2026-04-28,680776,Jarren Duran,away,1,0.673,0.365,0.0265,0.1475,0.049,2026-04-29 13:37:24.710353+00
578,33,822823,2026-04-28,575929,Willson Contreras,away,2,0.6565,0.36,0.0595,0.178,0.033,2026-04-29 13:37:24.710353+00
579,33,822823,2026-04-28,701350,Roman Anthony,away,3,0.7305,0.491,0.186,0.2985,0.04,2026-04-29 13:37:24.710353+00
580,33,822823,2026-04-28,677800,Wilyer Abreu,away,4,0.68,0.432,0.1495,0.2765,0.0275,2026-04-29 13:37:24.710353+00
581,33,822823,2026-04-28,596115,Trevor Story,away,5,0.6,0.401,0.1915,0.3035,0.0325,2026-04-29 13:37:24.710353+00
582,33,822823,2026-04-28,807799,Masataka Yoshida,away,6,0.6665,0.416,0.1535,0.2685,0.0345,2026-04-29 13:37:24.710353+00
583,33,822823,2026-04-28,665966,Carlos Narváez,away,7,0.6595,0.446,0.185,0.2915,0.033,2026-04-29 13:37:24.710353+00
584,33,822823,2026-04-28,691785,Marcelo Mayer,away,8,0.574,0.2885,0.0285,0.133,0.029,2026-04-29 13:37:24.710353+00
585,33,822823,2026-04-28,702332,Caleb Durbin,away,9,0.606,0.325,0.0855,0.1865,0.027,2026-04-29 13:37:24.710353+00
586,33,822823,2026-04-28,664702,Myles Straw,home,1,0.68,0.474,0.112,0.2325,0.04,2026-04-29 13:37:24.710353+00
587,33,822823,2026-04-28,676391,Ernie Clement,home,2,0.6705,0.419,0.185,0.276,0.0375,2026-04-29 13:37:24.710353+00
588,33,822823,2026-04-28,665489,Vladimir Guerrero Jr.,home,3,0.7055,0.4365,0.096,0.2415,0.038,2026-04-29 13:37:24.710353+00
589,33,822823,2026-04-28,672960,Kazuma Okamoto,home,4,0.6345,0.426,0.168,0.29,0.029,2026-04-29 13:37:24.710353+00
590,33,822823,2026-04-28,662139,Daulton Varsho,home,5,0.664,0.4295,0.1555,0.2855,0.0335,2026-04-29 13:37:24.710353+00
591,33,822823,2026-04-28,660821,Jesús Sánchez,home,6,0.6175,0.331,0.0885,0.2125,0.036,2026-04-29 13:37:24.710353+00
592,33,822823,2026-04-28,676914,Davis Schneider,home,7,0.5965,0.3545,0.1145,0.223,0.0325,2026-04-29 13:37:24.710353+00
593,33,822823,2026-04-28,623168,Tyler Heineman,home,8,0.552,0.316,0.1035,0.198,0.025,2026-04-29 13:37:24.710353+00
594,33,822823,2026-04-28,665926,Andrés Giménez,home,9,0.5325,0.2735,0.0635,0.158,0.0235,2026-04-29 13:37:24.710353+00
595,34,823636,2026-04-28,695578,James Wood,away,1,0.7775,0.560591,0.18352,0.274,0.0555,2026-04-29 13:37:24.710353+00
596,34,823636,2026-04-28,671277,Luis García Jr.,away,2,0.738,0.556878,0.287712,0.339,0.044,2026-04-29 13:37:24.710353+00
597,34,823636,2026-04-28,691781,Brady House,away,3,0.719,0.520283,0.26344,0.332,0.0345,2026-04-29 13:37:24.710353+00
598,34,823636,2026-04-28,682928,CJ Abrams,away,4,0.6965,0.476794,0.166352,0.266,0.0275,2026-04-29 13:37:24.710353+00
599,34,823636,2026-04-28,695734,Daylen Lile,away,5,0.717,0.500129,0.244496,0.3215,0.0425,2026-04-29 13:37:24.710353+00
600,34,823636,2026-04-28,696285,Jacob Young,away,6,0.682,0.405725,0.172864,0.2555,0.045,2026-04-29 13:37:24.710353+00
601,34,823636,2026-04-28,678391,Jorbit Vivas,away,7,0.648,0.435426,0.1924,0.2535,0.029,2026-04-29 13:37:24.710353+00
602,34,823636,2026-04-28,686452,Drew Millas,away,8,0.6375,0.409438,0.149776,0.2265,0.0345,2026-04-29 13:37:24.710353+00
603,34,823636,2026-04-28,683083,Nasim Nuñez,away,9,0.665,0.407316,0.153328,0.2235,0.036,2026-04-29 13:37:24.710353+00
604,34,823636,2026-04-28,666182,Bo Bichette,home,1,0.739,0.54468,0.223184,0.2875,0.049,2026-04-29 13:37:24.710353+00
605,34,823636,2026-04-28,665742,Juan Soto,home,2,0.641,0.388754,0.118992,0.2,0.0365,2026-04-29 13:37:24.710353+00
606,34,823636,2026-04-28,682626,Francisco Alvarez,home,3,0.663,0.359054,0.07992,0.1725,0.0385,2026-04-29 13:37:24.710353+00
607,34,823636,2026-04-28,621438,Tyrone Taylor,home,4,0.6165,0.389815,0.125504,0.233,0.029,2026-04-29 13:37:24.710353+00
608,34,823636,2026-04-28,668901,Mark Vientos,home,5,0.666,0.435956,0.102416,0.2385,0.0295,2026-04-29 13:37:24.710353+00
609,34,823636,2026-04-28,683146,Brett Baty,home,6,0.6095,0.313973,0.024272,0.166,0.0405,2026-04-29 13:37:24.710353+00
610,34,823636,2026-04-28,543760,Marcus Semien,home,7,0.467,0.240253,0.099456,0.1825,0.0265,2026-04-29 13:37:24.710353+00
611,34,823636,2026-04-28,701807,Carson Benge,home,8,0.594,0.341552,0.06808,0.165,0.0305,2026-04-29 13:37:24.710353+00
612,34,823636,2026-04-28,677595,Ronny Mauricio,home,9,0.517,0.238662,0.094128,0.1585,0.032,2026-04-29 13:37:24.710353+00
613,35,824931,2026-04-28,681481,Kerry Carpenter,away,1,0.7955,0.597125,0.287928,0.3605,0.055,2026-04-29 13:37:24.710353+00
614,35,824931,2026-04-28,650402,Gleyber Torres,away,2,0.7,0.473382,0.195048,0.2815,0.042,2026-04-29 13:37:24.710353+00
615,35,824931,2026-04-28,805808,Kevin McGonigle,away,3,0.7405,0.579221,0.312889,0.3635,0.037,2026-04-29 13:37:24.710353+00
616,35,824931,2026-04-28,663837,Matt Vierling,away,4,0.681,0.453899,0.153832,0.2535,0.033,2026-04-29 13:37:24.710353+00
617,35,824931,2026-04-28,693307,Dillon Dingler,away,5,0.7125,0.474962,0.177633,0.285,0.0355,2026-04-29 13:37:24.710353+00
618,35,824931,2026-04-28,682985,Riley Greene,away,6,0.7305,0.53341,0.247873,0.3295,0.0435,2026-04-29 13:37:24.710353+00
619,35,824931,2026-04-28,679529,Spencer Torkelson,away,7,0.6555,0.388605,0.124807,0.2085,0.034,2026-04-29 13:37:24.710353+00
620,35,824931,2026-04-28,690993,Colt Keith,away,8,0.6465,0.382813,0.0853335,0.1895,0.034,2026-04-29 13:37:24.710353+00
621,35,824931,2026-04-28,672761,Wenceel Pérez,away,9,0.6485,0.460218,0.210721,0.2965,0.0245,2026-04-29 13:37:24.710353+00
622,35,824931,2026-04-28,660670,Ronald Acuña Jr.,home,1,0.7185,0.484966,0.241488,0.3085,0.054,2026-04-29 13:37:24.710353+00
623,35,824931,2026-04-28,686948,Drake Baldwin,home,2,0.71,0.483387,0.211302,0.2905,0.041,2026-04-29 13:37:24.710353+00
624,35,824931,2026-04-28,621566,Matt Olson,home,3,0.6655,0.463377,0.166604,0.252,0.041,2026-04-29 13:37:24.710353+00
625,35,824931,2026-04-28,645277,Ozzie Albies,home,4,0.695,0.43389,0.106232,0.232,0.0365,2026-04-29 13:37:24.710353+00
626,35,824931,2026-04-28,671739,Michael Harris II,home,5,0.711,0.487599,0.141642,0.2775,0.03,2026-04-29 13:37:24.710353+00
627,35,824931,2026-04-28,663586,Austin Riley,home,6,0.7115,0.471802,0.158477,0.312,0.038,2026-04-29 13:37:24.710353+00
628,35,824931,2026-04-28,571657,Kyle Farmer,home,7,0.6395,0.431783,0.19679,0.308,0.0305,2026-04-29 13:37:24.710353+00
629,35,824931,2026-04-28,643289,Mauricio Dubón,home,8,0.6325,0.365436,0.101587,0.239,0.029,2026-04-29 13:37:24.710353+00
630,35,824931,2026-04-28,573262,Mike Yastrzemski,home,9,0.609,0.356485,0.109134,0.228,0.0375,2026-04-29 13:37:24.710353+00
631,36,823716,2026-04-28,641487,J.P. Crawford,away,1,0.7185,0.597306,0.33475,0.3255,0.035,2026-04-29 13:37:24.710353+00
632,36,823716,2026-04-28,663728,Cal Raleigh,away,2,0.714,0.491253,0.2002,0.2355,0.0345,2026-04-29 13:37:24.710353+00
633,36,823716,2026-04-28,677594,Julio Rodríguez,away,3,0.665,0.427511,0.0221,0.144,0.0345,2026-04-29 13:37:24.710353+00
634,36,823716,2026-04-28,647304,Josh Naylor,away,4,0.671,0.454437,0.22165,0.273,0.0355,2026-04-29 13:37:24.710353+00
635,36,823716,2026-04-28,668227,Randy Arozarena,away,5,0.581,0.418719,0.2353,0.2705,0.025,2026-04-29 13:37:24.710353+00
636,36,823716,2026-04-28,670042,Luke Raley,away,6,0.6255,0.373111,0.12025,0.1765,0.0325,2026-04-29 13:37:24.710353+00
637,36,823716,2026-04-28,686527,Dominic Canzone,away,7,0.651,0.418719,0.1027,0.175,0.033,2026-04-29 13:37:24.710353+00
638,36,823716,2026-04-28,702284,Cole Young,away,8,0.5615,0.418169,0.19565,0.232,0.0215,2026-04-29 13:37:24.710353+00
639,36,823716,2026-04-28,660844,Leo Rivas,away,9,0.608,0.398937,0.2197,0.2445,0.032,2026-04-29 13:37:24.710353+00
640,36,823716,2026-04-28,621439,Byron Buxton,home,1,0.6565,0.409927,0.1027,0.1735,0.0325,2026-04-29 13:37:24.710353+00
641,36,823716,2026-04-28,663616,Trevor Larnach,home,2,0.6855,0.528619,0.3744,0.3505,0.036,2026-04-29 13:37:24.710353+00
642,36,823716,2026-04-28,668885,Austin Martin,home,3,0.708,0.512684,0.24505,0.276,0.0405,2026-04-29 13:37:24.710353+00
643,36,823716,2026-04-28,605137,Josh Bell,home,4,0.638,0.414872,0.182,0.2255,0.0335,2026-04-29 13:37:24.710353+00
644,36,823716,2026-04-28,665019,Kody Clemens,home,5,0.6805,0.468174,0.2145,0.2675,0.036,2026-04-29 13:37:24.710353+00
645,36,823716,2026-04-28,605170,Victor Caratini,home,6,0.671,0.482461,0.2392,0.2855,0.028,2026-04-29 13:37:24.710353+00
646,36,823716,2026-04-28,807712,Luke Keaschall,home,7,0.6245,0.412125,0.19565,0.2435,0.037,2026-04-29 13:37:24.710353+00
647,36,823716,2026-04-28,656484,Tristan Gray,home,8,0.5005,0.258265,0.0832,0.137,0.028,2026-04-29 13:37:24.710353+00
648,36,823716,2026-04-28,668904,Royce Lewis,home,9,0.573,0.295631,0.07475,0.14,0.039,2026-04-29 13:37:24.710353+00
649,37,824610,2026-04-28,687263,Zach Neto,away,1,0.688,0.413252,0.100048,0.197,0.0465,2026-04-29 13:37:24.710353+00
650,37,824610,2026-04-28,545361,Mike Trout,away,2,0.7,0.438926,0.139971,0.2435,0.0365,2026-04-29 13:37:24.710353+00
651,37,824610,2026-04-28,660162,Yoán Moncada,away,3,0.5785,0.349067,0.11063,0.2185,0.0335,2026-04-29 13:37:24.710353+00
652,37,824610,2026-04-28,624585,Jorge Soler,away,4,0.6975,0.49373,0.308802,0.3975,0.0255,2026-04-29 13:37:24.710353+00
653,37,824610,2026-04-28,694384,Nolan Schanuel,away,5,0.6735,0.408808,0.135161,0.254,0.031,2026-04-29 13:37:24.710353+00
654,37,824610,2026-04-28,666176,Jo Adell,away,6,0.6485,0.390047,0.12506,0.236,0.035,2026-04-29 13:37:24.710353+00
655,37,824610,2026-04-28,666139,Josh Lowe,away,7,0.452,0.213785,0.066859,0.1415,0.0295,2026-04-29 13:37:24.710353+00
656,37,824610,2026-04-28,665861,Sebastián Rivero,away,8,0.519,0.272045,0.056277,0.148,0.029,2026-04-29 13:37:24.710353+00
657,37,824610,2026-04-28,672724,Oswald Peraza,away,9,0.589,0.268095,0.037999,0.131,0.0395,2026-04-29 13:37:24.710353+00
658,37,824610,2026-04-28,643217,Andrew Benintendi,home,1,0.705,0.48978,0.178451,0.277,0.045,2026-04-29 13:37:24.710353+00
659,37,824610,2026-04-28,808959,Munetaka Murakami,home,2,0.7805,0.571246,0.321789,0.4255,0.0395,2026-04-29 13:37:24.710353+00
660,37,824610,2026-04-28,678246,Miguel Vargas,home,3,0.746,0.499161,0.155363,0.294,0.0395,2026-04-29 13:37:24.710353+00
661,37,824610,2026-04-28,695657,Colson Montgomery,home,4,0.7025,0.480893,0.239538,0.3625,0.0295,2026-04-29 13:37:24.710353+00
662,37,824610,2026-04-28,669720,Austin Hays,home,5,0.645,0.329812,0.070226,0.2265,0.0415,2026-04-29 13:37:24.710353+00
663,37,824610,2026-04-28,803011,Sam Antonacci,home,6,0.662,0.414239,0.190957,0.3155,0.0385,2026-04-29 13:37:24.710353+00
664,37,824610,2026-04-28,671976,Tristan Peters,home,7,0.653,0.411771,0.117845,0.2525,0.032,2026-04-29 13:37:24.710353+00
665,37,824610,2026-04-28,691011,Drew Romo,home,8,0.5125,0.248346,0.044733,0.1555,0.0255,2026-04-29 13:37:24.710353+00
666,37,824610,2026-04-28,682668,Luisangel Acuña,home,9,0.5285,0.253777,0.061087,0.1675,0.038,2026-04-29 13:37:24.710353+00
667,38,823798,2026-04-28,545121,Ildemaro Vargas,away,1,0.777,0.5605,0.173,0.2955,0.046,2026-04-29 13:37:24.710353+00
668,38,823798,2026-04-28,606466,Ketel Marte,away,2,0.722,0.4805,0.163,0.286,0.0405,2026-04-29 13:37:24.710353+00
669,38,823798,2026-04-28,682998,Corbin Carroll,away,3,0.678,0.402,0.0895,0.2455,0.0415,2026-04-29 13:37:24.710353+00
670,38,823798,2026-04-28,666971,Lourdes Gurriel Jr.,away,4,0.5935,0.3065,0.0605,0.19,0.03,2026-04-29 13:37:24.710353+00
671,38,823798,2026-04-28,680728,Adrian Del Castillo,away,5,0.651,0.3835,0.1405,0.2575,0.0275,2026-04-29 13:37:24.710353+00
672,38,823798,2026-04-28,699912,Jose Fernandez,away,6,0.587,0.328,0.0365,0.1645,0.0275,2026-04-29 13:37:24.710353+00
673,38,823798,2026-04-28,571448,Nolan Arenado,away,7,0.644,0.3255,0.0505,0.165,0.042,2026-04-29 13:37:24.710353+00
674,38,823798,2026-04-28,677950,Alek Thomas,away,8,0.6165,0.3625,0.103,0.219,0.0305,2026-04-29 13:37:24.710353+00
675,38,823798,2026-04-28,543510,James McCann,away,9,0.5455,0.2695,0.0445,0.149,0.033,2026-04-29 13:37:24.710353+00
676,38,823798,2026-04-28,669003,Garrett Mitchell,home,1,0.631,0.324,0.0505,0.1515,0.034,2026-04-29 13:37:24.710353+00
677,38,823798,2026-04-28,661388,William Contreras,home,2,0.666,0.435,0.1835,0.2755,0.034,2026-04-29 13:37:24.710353+00
678,38,823798,2026-04-28,668930,Brice Turang,home,3,0.672,0.433,0.1655,0.2785,0.027,2026-04-29 13:37:24.710353+00
679,38,823798,2026-04-28,672012,Tyler Black,home,4,0.6685,0.4125,0.128,0.2455,0.0405,2026-04-29 13:37:24.710353+00
680,38,823798,2026-04-28,641343,Jake Bauers,home,5,0.6145,0.3605,0.113,0.228,0.0335,2026-04-29 13:37:24.710353+00
681,38,823798,2026-04-28,663604,Brandon Lockridge,home,6,0.659,0.398,0.1395,0.2595,0.0375,2026-04-29 13:37:24.710353+00
682,38,823798,2026-04-28,686217,Sal Frelick,home,7,0.6305,0.3725,0.1535,0.233,0.03,2026-04-29 13:37:24.710353+00
683,38,823798,2026-04-28,666152,David Hamilton,home,8,0.5925,0.3225,0.084,0.178,0.03,2026-04-29 13:37:24.710353+00
684,38,823798,2026-04-28,687401,Joey Ortiz,home,9,0.6435,0.3695,0.117,0.218,0.0275,2026-04-29 13:37:24.710353+00
685,39,822908,2026-04-29,663757,Trent Grisham,away,1,0.694,0.4305,0.1505,0.2385,0.037,2026-04-29 13:37:24.710353+00
686,39,822908,2026-04-29,700250,Ben Rice,away,2,0.7375,0.476,0.1655,0.2625,0.0485,2026-04-29 13:37:24.710353+00
687,39,822908,2026-04-29,592450,Aaron Judge,away,3,0.6875,0.4675,0.209,0.3045,0.0335,2026-04-29 13:37:24.710353+00
688,39,822908,2026-04-29,641355,Cody Bellinger,away,4,0.665,0.4335,0.2025,0.2965,0.035,2026-04-29 13:37:24.710353+00
689,39,822908,2026-04-29,665862,Jazz Chisholm Jr.,away,5,0.6795,0.442,0.1905,0.2985,0.034,2026-04-29 13:37:24.710353+00
690,39,822908,2026-04-29,691176,Jasson Domínguez,away,6,0.6635,0.423,0.132,0.258,0.036,2026-04-29 13:37:24.710353+00
691,39,822908,2026-04-29,669224,Austin Wells,away,7,0.6175,0.337,0.0865,0.2035,0.0405,2026-04-29 13:37:24.710353+00
692,39,822908,2026-04-29,641857,Ryan McMahon,away,8,0.52,0.2465,0.0575,0.151,0.0275,2026-04-29 13:37:24.710353+00
693,39,822908,2026-04-29,676609,José Caballero,away,9,0.5705,0.3505,0.161,0.2425,0.026,2026-04-29 13:37:24.710353+00
694,39,822908,2026-04-29,607043,Brandon Nimmo,home,1,0.6235,0.3945,0.1865,0.247,0.036,2026-04-29 13:37:24.710353+00
695,39,822908,2026-04-29,673962,Josh Jung,home,2,0.614,0.422,0.1735,0.2495,0.018,2026-04-29 13:37:24.710353+00
696,39,822908,2026-04-29,608369,Corey Seager,home,3,0.735,0.5335,0.306,0.378,0.038,2026-04-29 13:37:24.710353+00
697,39,822908,2026-04-29,592626,Joc Pederson,home,4,0.617,0.376,0.1615,0.2295,0.024,2026-04-29 13:37:24.710353+00
698,39,822908,2026-04-29,669394,Jake Burger,home,5,0.6405,0.3885,0.1855,0.2685,0.0375,2026-04-29 13:37:24.710353+00
699,39,822908,2026-04-29,694497,Evan Carter,home,6,0.6275,0.3395,0.0915,0.179,0.037,2026-04-29 13:37:24.710353+00
700,39,822908,2026-04-29,669701,Josh Smith,home,7,0.5505,0.358,0.1635,0.237,0.0165,2026-04-29 13:37:24.710353+00
701,39,822908,2026-04-29,696030,Alejandro Osuna,home,8,0.606,0.3565,0.135,0.2145,0.0315,2026-04-29 13:37:24.710353+00
702,39,822908,2026-04-29,643376,Danny Jansen,home,9,0.558,0.271,0.049,0.1325,0.029,2026-04-29 13:37:24.710353+00
721,41,823956,2026-04-29,805300,Jakob Marsee,away,1,0.695,0.468581,0.184541,0.247,0.0435,2026-04-29 13:37:24.710353+00
722,41,823956,2026-04-29,669065,Kyle Stowers,away,2,0.779,0.582177,0.2314,0.3035,0.047,2026-04-29 13:37:24.710353+00
723,41,823956,2026-04-29,672640,Otto Lopez,away,3,0.719,0.515913,0.247598,0.3135,0.0315,2026-04-29 13:37:24.710353+00
724,41,823956,2026-04-29,669364,Xavier Edwards,away,4,0.722,0.531164,0.233136,0.3165,0.0325,2026-04-29 13:37:24.710353+00
725,41,823956,2026-04-29,689414,Liam Hicks,away,5,0.698,0.524327,0.318175,0.371,0.028,2026-04-29 13:37:24.710353+00
726,41,823956,2026-04-29,682663,Agustín Ramírez,away,6,0.749,0.549045,0.261482,0.3205,0.0405,2026-04-29 13:37:24.710353+00
727,41,823956,2026-04-29,683357,Owen Caissie,away,7,0.661,0.423354,0.168922,0.239,0.0325,2026-04-29 13:37:24.710353+00
728,41,823956,2026-04-29,666624,Christopher Morel,away,8,0.6985,0.42125,0.105287,0.2155,0.0405,2026-04-29 13:37:24.710353+00
729,41,823956,2026-04-29,688363,Graham Pauley,away,9,0.6115,0.355512,0.122064,0.2035,0.033,2026-04-29 13:37:24.710353+00
730,41,823956,2026-04-29,687221,Dalton Rushing,home,1,0.671,0.460693,0.0850395,0.1865,0.0355,2026-04-29 13:37:24.710353+00
731,41,823956,2026-04-29,518692,Freddie Freeman,home,2,0.7115,0.502765,0.212309,0.281,0.04,2026-04-29 13:37:24.710353+00
732,41,823956,2026-04-29,669257,Will Smith,home,3,0.6375,0.352882,0.0838825,0.179,0.0455,2026-04-29 13:37:24.710353+00
733,41,823956,2026-04-29,663656,Kyle Tucker,home,4,0.6495,0.351305,0.0156195,0.1555,0.0375,2026-04-29 13:37:24.710353+00
734,41,823956,2026-04-29,571970,Max Muncy,home,5,0.58,0.315017,0.06942,0.1875,0.023,2026-04-29 13:37:24.710353+00
735,41,823956,2026-04-29,606192,Teoscar Hernández,home,6,0.5615,0.359719,0.153303,0.244,0.027,2026-04-29 13:37:24.710353+00
736,41,823956,2026-04-29,681624,Andy Pages,home,7,0.51,0.305025,0.130163,0.192,0.0245,2026-04-29 13:37:24.710353+00
737,41,823956,2026-04-29,808975,Hyeseong Kim,home,8,0.605,0.402843,0.197847,0.2485,0.0325,2026-04-29 13:37:24.710353+00
738,41,823956,2026-04-29,690976,Alex Freeland,home,9,0.493,0.29661,0.122064,0.179,0.03,2026-04-29 13:37:24.710353+00
793,45,824445,2026-04-29,802415,Chandler Simpson,away,1,0.6718,0.334723,0.040425,0.159,0.046,2026-04-29 16:36:03.34683+00
794,45,824445,2026-04-29,691406,Junior Caminero,away,2,0.688,0.399149,0.119658,0.26,0.0372,2026-04-29 16:36:03.34683+00
795,45,824445,2026-04-29,666018,Jonathan Aranda,away,3,0.661,0.403895,0.132447,0.2778,0.033,2026-04-29 16:36:03.34683+00
796,45,824445,2026-04-29,650490,Yandy Díaz,away,4,0.673,0.420503,0.151704,0.2994,0.0314,2026-04-29 16:36:03.34683+00
797,45,824445,2026-04-29,641584,Jake Fraley,away,5,0.6324,0.366663,0.093051,0.2314,0.0314,2026-04-29 16:36:03.34683+00
798,45,824445,2026-04-29,656775,Cedric Mullins,away,6,0.6094,0.313735,0.066003,0.1888,0.0358,2026-04-29 16:36:03.34683+00
799,45,824445,2026-04-29,680700,Richie Palacios,away,7,0.6486,0.350967,0.100695,0.2362,0.0354,2026-04-29 16:36:03.34683+00
800,45,824445,2026-04-29,676439,Hunter Feduccia,away,8,0.5852,0.337278,0.115395,0.233,0.034,2026-04-29 16:36:03.34683+00
801,45,824445,2026-04-29,670764,Taylor Walls,away,9,0.5726,0.278693,0.042042,0.1568,0.0318,2026-04-29 16:36:03.34683+00
802,45,824445,2026-04-29,680757,Steven Kwan,home,1,0.6624,0.310084,0,0.1082,0.055,2026-04-29 16:36:03.34683+00
803,45,824445,2026-04-29,800050,Chase DeLauter,home,2,0.6948,0.427986,0.180369,0.3256,0.0342,2026-04-29 16:36:03.34683+00
804,45,824445,2026-04-29,608070,José Ramírez,home,3,0.724,0.428716,0.111573,0.2708,0.0412,2026-04-29 16:36:03.34683+00
805,45,824445,2026-04-29,700932,Kyle Manzardo,home,4,0.6694,0.354069,0.082761,0.2396,0.0372,2026-04-29 16:36:03.34683+00
806,45,824445,2026-04-29,682177,Daniel Schneemann,home,5,0.6564,0.345126,0.090846,0.2528,0.0376,2026-04-29 16:36:03.34683+00
807,45,824445,2026-04-29,682657,Angel Martínez,home,6,0.613,0.348047,0.095844,0.2616,0.0326,2026-04-29 16:36:03.34683+00
808,45,824445,2026-04-29,683953,Travis Bazzana,home,7,0.5852,0.286358,0.066444,0.196,0.0326,2026-04-29 16:36:03.34683+00
809,45,824445,2026-04-29,666310,Bo Naylor,home,8,0.4854,0.217004,0.028518,0.1334,0.0272,2026-04-29 16:36:03.34683+00
810,45,824445,2026-04-29,677587,Brayan Rocchio,home,9,0.5314,0.254784,0.046599,0.1652,0.0328,2026-04-29 16:36:03.34683+00
811,46,824608,2026-04-29,687263,Zach Neto,away,1,0.7036,0.327063,0.0343,0.1628,0.0506,2026-04-29 16:36:22.904986+00
812,46,824608,2026-04-29,545361,Mike Trout,away,2,0.5988,0.344182,0.0777,0.2108,0.0302,2026-04-29 16:36:22.904986+00
813,46,824608,2026-04-29,660162,Yoán Moncada,away,3,0.692,0.386349,0.10108,0.2458,0.0326,2026-04-29 16:36:22.904986+00
814,46,824608,2026-04-29,624585,Jorge Soler,away,4,0.7042,0.418424,0.09506,0.2602,0.0344,2026-04-29 16:36:22.904986+00
815,46,824608,2026-04-29,666176,Jo Adell,away,5,0.6652,0.409234,0.19082,0.3634,0.0336,2026-04-29 16:36:22.904986+00
816,46,824608,2026-04-29,666139,Josh Lowe,away,6,0.6948,0.345263,0.0336,0.183,0.0456,2026-04-29 16:36:22.904986+00
817,46,824608,2026-04-29,687093,Vaughn Grissom,away,7,0.6846,0.364725,0.08064,0.249,0.0378,2026-04-29 16:36:22.904986+00
818,46,824608,2026-04-29,518595,Travis d'Arnaud,away,8,0.5876,0.260749,0.04046,0.182,0.0332,2026-04-29 16:36:22.904986+00
819,46,824608,2026-04-29,624428,Adam Frazier,away,9,0.645,0.336433,0.09016,0.2494,0.0298,2026-04-29 16:36:22.904986+00
820,46,824608,2026-04-29,805367,Chase Meidroth,home,1,0.727,0.45068,0.12362,0.2974,0.0384,2026-04-29 16:36:22.904986+00
821,46,824608,2026-04-29,678246,Miguel Vargas,home,2,0.7828,0.53123,0.2345,0.4402,0.0376,2026-04-29 16:36:22.904986+00
822,46,824608,2026-04-29,808959,Munetaka Murakami,home,3,0.7466,0.453203,0.11018,0.2956,0.0382,2026-04-29 16:36:22.904986+00
823,46,824608,2026-04-29,669720,Austin Hays,home,4,0.7178,0.456266,0.16926,0.362,0.026,2026-04-29 16:36:22.904986+00
824,46,824608,2026-04-29,695657,Colson Montgomery,home,5,0.6812,0.404008,0.15218,0.3326,0.0354,2026-04-29 16:36:22.904986+00
825,46,824608,2026-04-29,700337,Edgar Quero,home,6,0.7134,0.421668,0.09422,0.2796,0.0396,2026-04-29 16:36:22.904986+00
826,46,824608,2026-04-29,656537,Derek Hill,home,7,0.6368,0.28814,0.035,0.1836,0.0352,2026-04-29 16:36:22.904986+00
827,46,824608,2026-04-29,682668,Luisangel Acuña,home,8,0.649,0.362923,0.1064,0.2676,0.0306,2026-04-29 16:36:22.904986+00
828,46,824608,2026-04-29,803011,Sam Antonacci,home,9,0.6066,0.290302,0.04284,0.1902,0.0352,2026-04-29 16:36:22.904986+00
829,47,823717,2026-04-29,641487,J.P. Crawford,away,1,0.7456,0.618078,0.35958,0.3602,0.0294,2026-04-29 16:36:39.997725+00
830,47,823717,2026-04-29,663728,Cal Raleigh,away,2,0.7298,0.534773,0.22516,0.2678,0.0444,2026-04-29 16:36:39.997725+00
831,47,823717,2026-04-29,677594,Julio Rodríguez,away,3,0.702,0.496968,0.23972,0.2726,0.0374,2026-04-29 16:36:39.997725+00
832,47,823717,2026-04-29,647304,Josh Naylor,away,4,0.6758,0.482021,0.21398,0.2562,0.0326,2026-04-29 16:36:39.997725+00
833,47,823717,2026-04-29,668227,Randy Arozarena,away,5,0.6342,0.46136,0.24726,0.2874,0.0314,2026-04-29 16:36:39.997725+00
834,47,823717,2026-04-29,670042,Luke Raley,away,6,0.7162,0.482021,0.1144,0.1974,0.0412,2026-04-29 16:36:39.997725+00
835,47,823717,2026-04-29,686527,Dominic Canzone,away,7,0.7096,0.567524,0.34268,0.3564,0.0314,2026-04-29 16:36:39.997725+00
836,47,823717,2026-04-29,702284,Cole Young,away,8,0.5742,0.339151,0.1378,0.1852,0.0246,2026-04-29 16:36:39.997725+00
837,47,823717,2026-04-29,669717,Will Wilson,away,9,0.6482,0.434325,0.24544,0.272,0.0306,2026-04-29 16:36:39.997725+00
838,47,823717,2026-04-29,621439,Byron Buxton,home,1,0.66,0.415862,0.10946,0.1766,0.0438,2026-04-29 16:36:39.997725+00
839,47,823717,2026-04-29,663616,Trevor Larnach,home,2,0.6754,0.51609,0.36114,0.337,0.0316,2026-04-29 16:36:39.997725+00
840,47,823717,2026-04-29,605137,Josh Bell,home,3,0.712,0.507738,0.2405,0.2808,0.0396,2026-04-29 16:36:39.997725+00
841,47,823717,2026-04-29,680777,Ryan Jeffers,home,4,0.6506,0.433885,0.18174,0.2394,0.0322,2026-04-29 16:36:39.997725+00
842,47,823717,2026-04-29,665019,Kody Clemens,home,5,0.6812,0.489055,0.2119,0.2746,0.0382,2026-04-29 16:36:39.997725+00
843,47,823717,2026-04-29,807712,Luke Keaschall,home,6,0.676,0.493011,0.2327,0.2958,0.0366,2026-04-29 16:36:39.997725+00
844,47,823717,2026-04-29,670242,Matt Wallner,home,7,0.6218,0.416521,0.19708,0.2556,0.0354,2026-04-29 16:36:39.997725+00
845,47,823717,2026-04-29,686797,Brooks Lee,home,8,0.5044,0.26398,0.09282,0.159,0.0288,2026-04-29 16:36:39.997725+00
846,47,823717,2026-04-29,668904,Royce Lewis,home,9,0.519,0.273651,0.05798,0.1376,0.026,2026-04-29 16:36:39.997725+00
847,48,822907,2026-04-29,663757,Trent Grisham,away,1,0.7228,0.4774,0.1606,0.2694,0.0434,2026-04-29 16:36:55.73875+00
848,48,822907,2026-04-29,700250,Ben Rice,away,2,0.7394,0.4818,0.168,0.276,0.0412,2026-04-29 16:36:55.73875+00
849,48,822907,2026-04-29,592450,Aaron Judge,away,3,0.7248,0.5016,0.2128,0.3204,0.0352,2026-04-29 16:36:55.73875+00
850,48,822907,2026-04-29,641355,Cody Bellinger,away,4,0.677,0.4532,0.2348,0.3338,0.0328,2026-04-29 16:36:55.73875+00
851,48,822907,2026-04-29,665862,Jazz Chisholm Jr.,away,5,0.6924,0.4622,0.2128,0.3226,0.0368,2026-04-29 16:36:55.73875+00
852,48,822907,2026-04-29,691176,Jasson Domínguez,away,6,0.6786,0.4548,0.1432,0.2766,0.0318,2026-04-29 16:36:55.73875+00
853,48,822907,2026-04-29,641555,J.C. Escarra,away,7,0.6302,0.403,0.2018,0.2954,0.0322,2026-04-29 16:36:55.73875+00
854,48,822907,2026-04-29,641857,Ryan McMahon,away,8,0.5426,0.265,0.06,0.1484,0.0362,2026-04-29 16:36:55.73875+00
855,48,822907,2026-04-29,676609,José Caballero,away,9,0.6496,0.37,0.0708,0.1846,0.042,2026-04-29 16:36:55.73875+00
856,48,822907,2026-04-29,607043,Brandon Nimmo,home,1,0.6556,0.4332,0.1848,0.268,0.0356,2026-04-29 16:36:55.73875+00
857,48,822907,2026-04-29,673962,Josh Jung,home,2,0.665,0.4628,0.2036,0.2858,0.0296,2026-04-29 16:36:55.73875+00
858,48,822907,2026-04-29,608369,Corey Seager,home,3,0.7852,0.5812,0.3394,0.4098,0.041,2026-04-29 16:36:55.73875+00
859,48,822907,2026-04-29,592626,Joc Pederson,home,4,0.6652,0.4162,0.177,0.2666,0.0304,2026-04-29 16:36:55.73875+00
860,48,822907,2026-04-29,669394,Jake Burger,home,5,0.6838,0.4394,0.2074,0.3026,0.0384,2026-04-29 16:36:55.73875+00
861,48,822907,2026-04-29,694497,Evan Carter,home,6,0.6878,0.4106,0.1116,0.2234,0.039,2026-04-29 16:36:55.73875+00
862,48,822907,2026-04-29,543309,Kyle Higashioka,home,7,0.4944,0.2882,0.0982,0.1744,0.0182,2026-04-29 16:36:55.73875+00
863,48,822907,2026-04-29,696030,Alejandro Osuna,home,8,0.6496,0.4148,0.1586,0.2518,0.031,2026-04-29 16:36:55.73875+00
864,48,822907,2026-04-29,677649,Ezequiel Duran,home,9,0.6006,0.3186,0.065,0.1694,0.0316,2026-04-29 16:36:55.73875+00
865,49,822821,2026-04-29,701350,Roman Anthony,away,1,0.6898,0.401,0.0742,0.1952,0.0508,2026-04-29 18:48:43.903433+00
866,49,822821,2026-04-29,575929,Willson Contreras,away,2,0.7164,0.49,0.1812,0.2966,0.0412,2026-04-29 18:48:43.903433+00
867,49,822821,2026-04-29,677800,Wilyer Abreu,away,3,0.7316,0.4908,0.1926,0.3076,0.0438,2026-04-29 18:48:43.903433+00
868,49,822821,2026-04-29,678882,Ceddanne Rafaela,away,4,0.6838,0.4348,0.1448,0.2738,0.033,2026-04-29 18:48:43.903433+00
869,49,822821,2026-04-29,596115,Trevor Story,away,5,0.6382,0.4272,0.2062,0.3202,0.0264,2026-04-29 18:48:43.903433+00
870,49,822821,2026-04-29,655316,Andruw Monasterio,away,6,0.6646,0.3978,0.1314,0.2526,0.0398,2026-04-29 18:48:43.903433+00
871,49,822821,2026-04-29,657136,Connor Wong,away,7,0.6244,0.3134,0.0218,0.1462,0.0388,2026-04-29 18:48:43.903433+00
872,49,822821,2026-04-29,643396,Isiah Kiner-Falefa,away,8,0.6382,0.3448,0.0916,0.1992,0.033,2026-04-29 18:48:43.903433+00
873,49,822821,2026-04-29,702332,Caleb Durbin,away,9,0.64,0.3728,0.1358,0.2456,0.03,2026-04-29 18:48:43.903433+00
874,49,822821,2026-04-29,676391,Ernie Clement,home,1,0.77,0.5124,0.1382,0.2664,0.0508,2026-04-29 18:48:43.903433+00
875,49,822821,2026-04-29,660821,Jesús Sánchez,home,2,0.7424,0.5258,0.203,0.3194,0.0394,2026-04-29 18:48:43.903433+00
876,49,822821,2026-04-29,665489,Vladimir Guerrero Jr.,home,3,0.6822,0.4586,0.1518,0.2758,0.0368,2026-04-29 18:48:43.903433+00
877,49,822821,2026-04-29,672960,Kazuma Okamoto,home,4,0.6668,0.424,0.1298,0.2702,0.0354,2026-04-29 18:48:43.903433+00
878,49,822821,2026-04-29,662139,Daulton Varsho,home,5,0.72,0.4802,0.194,0.3356,0.0352,2026-04-29 18:48:43.903433+00
879,49,822821,2026-04-29,682818,Yohendrick Pinango,home,6,0.6556,0.3662,0.0636,0.2096,0.0366,2026-04-29 18:48:43.903433+00
880,49,822821,2026-04-29,664702,Myles Straw,home,7,0.6662,0.4028,0.0932,0.2286,0.035,2026-04-29 18:48:43.903433+00
881,49,822821,2026-04-29,665926,Andrés Giménez,home,8,0.5964,0.2904,0.036,0.1642,0.033,2026-04-29 18:48:43.903433+00
882,49,822821,2026-04-29,678218,Brandon Valenzuela,home,9,0.5748,0.302,0.0712,0.196,0.0268,2026-04-29 18:48:43.903433+00
883,50,823958,2026-04-29,805300,Jakob Marsee,away,1,0.783,0.648596,0.389858,0.4142,0.0426,2026-04-29 18:49:02.677119+00
884,50,823958,2026-04-29,669065,Kyle Stowers,away,2,0.7646,0.567682,0.231198,0.3132,0.0468,2026-04-29 18:49:02.677119+00
885,50,823958,2026-04-29,672640,Otto Lopez,away,3,0.6706,0.45787,0.197962,0.2672,0.0366,2026-04-29 18:49:02.677119+00
886,50,823958,2026-04-29,669364,Xavier Edwards,away,4,0.6926,0.490835,0.220281,0.2926,0.033,2026-04-29 18:49:02.677119+00
887,50,823958,2026-04-29,689414,Liam Hicks,away,5,0.6754,0.51695,0.327995,0.3668,0.0314,2026-04-29 18:49:02.677119+00
888,50,823958,2026-04-29,681393,Connor Norby,away,6,0.6218,0.388515,0.165938,0.2358,0.0342,2026-04-29 18:49:02.677119+00
889,50,823958,2026-04-29,683357,Owen Caissie,away,7,0.698,0.417199,0.102135,0.1958,0.0452,2026-04-29 18:49:02.677119+00
890,50,823958,2026-04-29,688363,Graham Pauley,away,8,0.6138,0.358119,0.0914602,0.1808,0.0322,2026-04-29 18:49:02.677119+00
891,50,823958,2026-04-29,665923,Esteury Ruiz,away,9,0.5978,0.343991,0.125667,0.2116,0.0268,2026-04-29 18:49:02.677119+00
892,50,823958,2026-04-29,660271,Shohei Ohtani,home,1,0.667,0.469215,0.0936436,0.1758,0.0404,2026-04-29 18:49:02.677119+00
893,50,823958,2026-04-29,518692,Freddie Freeman,home,2,0.689,0.490407,0.22489,0.2754,0.041,2026-04-29 18:49:02.677119+00
894,50,823958,2026-04-29,681624,Andy Pages,home,3,0.6114,0.33393,0.0863656,0.1634,0.0368,2026-04-29 18:49:02.677119+00
895,50,823958,2026-04-29,663656,Kyle Tucker,home,4,0.6526,0.33864,0.0172246,0.146,0.0358,2026-04-29 18:49:02.677119+00
896,50,823958,2026-04-29,571970,Max Muncy,home,5,0.572,0.289192,0.0601648,0.1686,0.031,2026-04-29 18:49:02.677119+00
897,50,823958,2026-04-29,687221,Dalton Rushing,home,6,0.64,0.415058,0.155749,0.2426,0.034,2026-04-29 18:49:02.677119+00
898,50,823958,2026-04-29,808975,Hyeseong Kim,home,7,0.4978,0.295614,0.130519,0.1946,0.025,2026-04-29 18:49:02.677119+00
899,50,823958,2026-04-29,669743,Alex Call,home,8,0.516,0.315521,0.138525,0.1996,0.0262,2026-04-29 18:49:02.677119+00
900,50,823958,2026-04-29,690976,Alex Freeland,home,9,0.5062,0.235892,0.0490052,0.118,0.0344,2026-04-29 18:49:02.677119+00
955,54,823312,2026-04-29,663538,Nico Hoerner,away,1,0.753,0.524546,0.177955,0.2966,0.0406,2026-04-29 19:20:02.963029+00
956,54,823312,2026-04-29,694208,Moisés Ballesteros,away,2,0.77,0.54616,0.253907,0.3558,0.0416,2026-04-29 19:20:02.963029+00
957,54,823312,2026-04-29,608324,Alex Bregman,away,3,0.737,0.493325,0.216232,0.32,0.0384,2026-04-29 19:20:02.963029+00
958,54,823312,2026-04-29,664023,Ian Happ,away,4,0.7222,0.468309,0.139879,0.2656,0.0336,2026-04-29 19:20:02.963029+00
959,54,823312,2026-04-29,683737,Michael Busch,away,5,0.6916,0.419477,0.111823,0.2332,0.0392,2026-04-29 19:20:02.963029+00
960,54,823312,2026-04-29,624424,Michael Conforto,away,6,0.6718,0.381251,0.092184,0.214,0.0332,2026-04-29 19:20:02.963029+00
961,54,823312,2026-04-29,807713,Matt Shaw,away,7,0.646,0.399664,0.11002,0.229,0.027,2026-04-29 19:20:02.963029+00
962,54,823312,2026-04-29,691718,Pete Crow-Armstrong,away,8,0.7026,0.47011,0.16513,0.2896,0.0318,2026-04-29 19:20:02.963029+00
963,54,823312,2026-04-29,665804,Miguel Amaya,away,9,0.6242,0.336422,0.107014,0.215,0.0346,2026-04-29 19:20:02.963029+00
964,54,823312,2026-04-29,701538,Jackson Merrill,home,1,0.6898,0.385054,0.0496992,0.162,0.0478,2026-04-29 19:20:02.963029+00
965,54,823312,2026-04-29,665487,Fernando Tatis Jr.,home,2,0.6612,0.386055,0.119839,0.2184,0.0372,2026-04-29 19:20:02.963029+00
966,54,823312,2026-04-29,592518,Manny Machado,home,3,0.6722,0.418076,0.155911,0.2526,0.0292,2026-04-29 19:20:02.963029+00
967,54,823312,2026-04-29,593428,Xander Bogaerts,home,4,0.6904,0.464306,0.183566,0.2934,0.033,2026-04-29 19:20:02.963029+00
968,54,823312,2026-04-29,664034,Ty France,home,5,0.6816,0.464106,0.207013,0.3124,0.03,2026-04-29 19:20:02.963029+00
969,54,823312,2026-04-29,609280,Miguel Andujar,home,6,0.67,0.420878,0.169138,0.2718,0.0332,2026-04-29 19:20:02.963029+00
970,54,823312,2026-04-29,630105,Jake Cronenworth,home,7,0.5986,0.372045,0.112024,0.2198,0.0268,2026-04-29 19:20:02.963029+00
971,54,823312,2026-04-29,592206,Nick Castellanos,home,8,0.636,0.395461,0.153106,0.2544,0.0346,2026-04-29 19:20:02.963029+00
972,54,823312,2026-04-29,669134,Luis Campusano,home,9,0.5888,0.319611,0.104609,0.2038,0.0312,2026-04-29 19:20:02.963029+00
1009,57,823471,2026-04-29,671218,Heliot Ramos,away,1,0.7564,0.521604,0.16631,0.265,0.0506,2026-04-29 20:20:04.680476+00
1010,57,823471,2026-04-29,656305,Matt Chapman,away,2,0.7154,0.555667,0.376016,0.407,0.0368,2026-04-29 20:20:04.680476+00
1011,57,823471,2026-04-29,650333,Luis Arraez,away,3,0.7576,0.592029,0.281728,0.3512,0.0382,2026-04-29 20:20:04.680476+00
1012,57,823471,2026-04-29,669477,Casey Schmitt,away,4,0.6826,0.489422,0.246739,0.3116,0.0412,2026-04-29 20:20:04.680476+00
1013,57,823471,2026-04-29,646240,Rafael Devers,away,5,0.749,0.519514,0.145408,0.2654,0.0428,2026-04-29 20:20:04.680476+00
1014,57,823471,2026-04-29,642715,Willy Adames,away,6,0.6434,0.371768,0.094288,0.2084,0.036,2026-04-29 20:20:04.680476+00
1015,57,823471,2026-04-29,808982,Jung Hoo Lee,away,7,0.674,0.405622,0.0992864,0.2082,0.0382,2026-04-29 20:20:04.680476+00
1016,57,823471,2026-04-29,666464,Jerar Encarnacion,away,8,0.6552,0.411892,0.155405,0.255,0.0374,2026-04-29 20:20:04.680476+00
1017,57,823471,2026-04-29,672275,Patrick Bailey,away,9,0.5804,0.345019,0.110874,0.2114,0.0234,2026-04-29 20:20:04.680476+00
1018,57,823471,2026-04-29,607208,Trea Turner,home,1,0.742,0.515126,0.187213,0.2674,0.0416,2026-04-29 20:20:04.680476+00
1019,57,823471,2026-04-29,656941,Kyle Schwarber,home,2,0.7004,0.511782,0.227427,0.2964,0.032,2026-04-29 20:20:04.680476+00
1020,57,823471,2026-04-29,547180,Bryce Harper,home,3,0.6596,0.356304,0.0406688,0.152,0.043,2026-04-29 20:20:04.680476+00
1021,57,823471,2026-04-29,666969,Adolis García,home,4,0.6078,0.374903,0.127459,0.2152,0.0258,2026-04-29 20:20:04.680476+00
1022,57,823471,2026-04-29,669016,Brandon Marsh,home,5,0.7122,0.511782,0.224474,0.3144,0.0342,2026-04-29 20:20:04.680476+00
1023,57,823471,2026-04-29,681082,Bryson Stott,home,6,0.654,0.443656,0.191302,0.2726,0.0292,2026-04-29 20:20:04.680476+00
1024,57,823471,2026-04-29,664761,Alec Bohm,home,7,0.594,0.313673,0.0549824,0.1618,0.0374,2026-04-29 20:20:04.680476+00
1025,57,823471,2026-04-29,702222,Justin Crawford,home,8,0.5888,0.361946,0.159267,0.225,0.0276,2026-04-29 20:20:04.680476+00
1026,57,823471,2026-04-29,665561,Rafael Marchán,home,9,0.6232,0.345437,0.0813376,0.1752,0.0316,2026-04-29 20:20:04.680476+00
1099,62,824525,2026-04-29,687597,Jordan Beck,away,1,0.7186,0.489029,0.182641,0.2502,0.0442,2026-04-29 22:31:59.167756+00
1100,62,824525,2026-04-29,686668,Brenton Doyle,away,2,0.7946,0.589936,0.229453,0.2974,0.0474,2026-04-29 22:31:59.167756+00
1101,62,824525,2026-04-29,681198,TJ Rumfield,away,3,0.7944,0.631435,0.240708,0.3424,0.045,2026-04-29 22:31:59.167756+00
1102,62,824525,2026-04-29,696100,Hunter Goodman,away,4,0.6548,0.452117,0.287519,0.3254,0.0264,2026-04-29 22:31:59.167756+00
1103,62,824525,2026-04-29,650489,Willi Castro,away,5,0.7532,0.536425,0.205663,0.301,0.0462,2026-04-29 22:31:59.167756+00
1104,62,824525,2026-04-29,664954,Brett Sullivan,away,6,0.6882,0.492305,0.190827,0.268,0.0338,2026-04-29 22:31:59.167756+00
1105,62,824525,2026-04-29,691720,Kyle Karros,away,7,0.6706,0.488155,0.19492,0.2716,0.0314,2026-04-29 22:31:59.167756+00
1106,62,824525,2026-04-29,678662,Ezequiel Tovar,away,8,0.623,0.382661,0.122272,0.203,0.0348,2026-04-29 22:31:59.167756+00
1107,62,824525,2026-04-29,666160,Mickey Moniak,away,9,0.6738,0.419792,0.0925996,0.194,0.0382,2026-04-29 22:31:59.167756+00
1108,62,824525,2026-04-29,670770,TJ Friedl,home,1,0.7496,0.546909,0.179827,0.2656,0.0486,2026-04-29 22:31:59.167756+00
1109,62,824525,2026-04-29,680574,Matt McLain,home,2,0.7126,0.504755,0.181362,0.2692,0.0422,2026-04-29 22:31:59.167756+00
1110,62,824525,2026-04-29,682829,Elly De La Cruz,home,3,0.6738,0.462164,0.188013,0.268,0.0348,2026-04-29 22:31:59.167756+00
1111,62,824525,2026-04-29,701398,Sal Stewart,home,4,0.73,0.578142,0.317704,0.3736,0.0238,2026-04-29 22:31:59.167756+00
1112,62,824525,2026-04-29,663993,Nathaniel Lowe,home,5,0.6826,0.439449,0.11025,0.2344,0.0396,2026-04-29 22:31:59.167756+00
1113,62,824525,2026-04-29,668715,Spencer Steer,home,6,0.5536,0.309493,0.0966924,0.1926,0.0286,2026-04-29 22:31:59.167756+00
1114,62,824525,2026-04-29,668709,JJ Bleday,home,7,0.5568,0.270178,0.0749494,0.1418,0.0296,2026-04-29 22:31:59.167756+00
1115,62,824525,2026-04-29,624431,Jose Trevino,home,8,0.6858,0.476143,0.161154,0.2398,0.0318,2026-04-29 22:31:59.167756+00
1116,62,824525,2026-04-29,663647,Ke'Bryan Hayes,home,9,0.648,0.430494,0.205407,0.2764,0.026,2026-04-29 22:31:59.167756+00
1117,63,823392,2026-04-29,802139,JJ Wetherholt,away,1,0.7742,0.5642,0.2316,0.3538,0.045,2026-04-29 22:32:26.30582+00
1118,63,823392,2026-04-29,671056,Iván Herrera,away,2,0.7538,0.5408,0.2728,0.3822,0.0386,2026-04-29 22:32:26.30582+00
1119,63,823392,2026-04-29,676475,Alec Burleson,away,3,0.7664,0.5266,0.1806,0.3314,0.0424,2026-04-29 22:32:26.30582+00
1120,63,823392,2026-04-29,691023,Jordan Walker,away,4,0.725,0.4488,0.1484,0.2972,0.038,2026-04-29 22:32:26.30582+00
1121,63,823392,2026-04-29,669357,Nolan Gorman,away,5,0.7456,0.5098,0.247,0.3714,0.0386,2026-04-29 22:32:26.30582+00
1122,63,823392,2026-04-29,691026,Masyn Winn,away,6,0.7094,0.426,0.0672,0.2454,0.0398,2026-04-29 22:32:26.30582+00
1123,63,823392,2026-04-29,701675,Nathan Church,away,7,0.71,0.4506,0.1378,0.2922,0.0382,2026-04-29 22:32:26.30582+00
1124,63,823392,2026-04-29,602104,Ramón Urías,away,8,0.6688,0.4084,0.1392,0.2682,0.034,2026-04-29 22:32:26.30582+00
1125,63,823392,2026-04-29,687363,Victor Scott II,away,9,0.7334,0.4504,0.1224,0.2794,0.0416,2026-04-29 22:32:26.30582+00
1126,63,823392,2026-04-29,665833,Oneil Cruz,home,1,0.6982,0.445,0.1398,0.2344,0.0436,2026-04-29 22:32:26.30582+00
1127,63,823392,2026-04-29,664040,Brandon Lowe,home,2,0.7294,0.4518,0.1244,0.2276,0.0434,2026-04-29 22:32:26.30582+00
1128,63,823392,2026-04-29,668804,Bryan Reynolds,home,3,0.6692,0.3912,0.1244,0.2216,0.0376,2026-04-29 22:32:26.30582+00
1129,63,823392,2026-04-29,656811,Ryan O'Hearn,home,4,0.6868,0.4096,0.117,0.2352,0.037,2026-04-29 22:32:26.30582+00
1130,63,823392,2026-04-29,542303,Marcell Ozuna,home,5,0.6854,0.4526,0.2176,0.3368,0.0326,2026-04-29 22:32:26.30582+00
1131,63,823392,2026-04-29,693304,Nick Gonzales,home,6,0.6186,0.3398,0.0714,0.1966,0.0388,2026-04-29 22:32:26.30582+00
1132,63,823392,2026-04-29,687462,Spencer Horwitz,home,7,0.507,0.2354,0.077,0.168,0.0322,2026-04-29 22:32:26.30582+00
1133,63,823392,2026-04-29,804606,Konnor Griffin,home,8,0.6514,0.3706,0.1034,0.2068,0.036,2026-04-29 22:32:26.30582+00
1134,63,823392,2026-04-29,663698,Joey Bart,home,9,0.5756,0.2922,0.0572,0.153,0.035,2026-04-29 22:32:26.30582+00
1135,64,823633,2026-04-29,695578,James Wood,away,1,0.7824,0.557495,0.174184,0.2734,0.0514,2026-04-29 22:32:40.112913+00
1136,64,823633,2026-04-29,678554,Curtis Mead,away,2,0.763,0.567885,0.29381,0.3556,0.038,2026-04-29 22:32:40.112913+00
1137,64,823633,2026-04-29,691781,Brady House,away,3,0.667,0.465445,0.184246,0.2784,0.032,2026-04-29 22:32:40.112913+00
1138,64,823633,2026-04-29,682928,CJ Abrams,away,4,0.704,0.475211,0.220917,0.3114,0.0322,2026-04-29 22:32:40.112913+00
1139,64,823633,2026-04-29,696285,Jacob Young,away,5,0.6796,0.426381,0.192743,0.2794,0.0418,2026-04-29 22:32:40.112913+00
1140,64,823633,2026-04-29,695734,Daylen Lile,away,6,0.6712,0.446952,0.142433,0.2548,0.0352,2026-04-29 22:32:40.112913+00
1141,64,823633,2026-04-29,686894,Joey Wiemer,away,7,0.6476,0.40581,0.148023,0.2458,0.0324,2026-04-29 22:32:40.112913+00
1142,64,823633,2026-04-29,683083,Nasim Nuñez,away,8,0.635,0.40581,0.174855,0.2524,0.0338,2026-04-29 22:32:40.112913+00
1143,64,823633,2026-04-29,660688,Keibert Ruiz,away,9,0.6782,0.397498,0.138185,0.2336,0.0388,2026-04-29 22:32:40.112913+00
1144,64,823633,2026-04-29,666182,Bo Bichette,home,1,0.7722,0.569339,0.233662,0.3212,0.052,2026-04-29 22:32:40.112913+00
1145,64,823633,2026-04-29,665742,Juan Soto,home,2,0.6888,0.394382,0.048074,0.1678,0.0462,2026-04-29 22:32:40.112913+00
1146,64,823633,2026-04-29,669004,MJ Melendez,home,3,0.664,0.380044,0.0740116,0.2026,0.0406,2026-04-29 22:32:40.112913+00
1147,64,823633,2026-04-29,682626,Francisco Alvarez,home,4,0.6434,0.386486,0.115154,0.2382,0.03,2026-04-29 22:32:40.112913+00
1148,64,823633,2026-04-29,683146,Brett Baty,home,5,0.642,0.335785,0.0205712,0.1836,0.0432,2026-04-29 22:32:40.112913+00
1149,64,823633,2026-04-29,621438,Tyrone Taylor,home,6,0.6766,0.412251,0.0965952,0.274,0.0394,2026-04-29 22:32:40.112913+00
1150,64,823633,2026-04-29,701807,Carson Benge,home,7,0.6462,0.423888,0.184694,0.2912,0.029,2026-04-29 22:32:40.112913+00
1151,64,823633,2026-04-29,543760,Marcus Semien,home,8,0.5486,0.269709,0.0979368,0.1924,0.0292,2026-04-29 22:32:40.112913+00
1152,64,823633,2026-04-29,677595,Ronny Mauricio,home,9,0.5656,0.295475,0.0724464,0.1728,0.0312,2026-04-29 22:32:40.112913+00
1153,65,824930,2026-04-29,805808,Kevin McGonigle,away,1,0.7458,0.5006,0.2162,0.2962,0.0414,2026-04-29 22:33:08.644901+00
1154,65,824930,2026-04-29,650402,Gleyber Torres,away,2,0.6572,0.384,0.1542,0.23,0.0314,2026-04-29 22:33:08.644901+00
1155,65,824930,2026-04-29,690993,Colt Keith,away,3,0.6788,0.4228,0.1366,0.2264,0.0318,2026-04-29 22:33:08.644901+00
1156,65,824930,2026-04-29,682985,Riley Greene,away,4,0.6906,0.465,0.2214,0.3132,0.0296,2026-04-29 22:33:08.644901+00
1157,65,824930,2026-04-29,693307,Dillon Dingler,away,5,0.7002,0.4624,0.1924,0.294,0.0368,2026-04-29 22:33:08.644901+00
1158,65,824930,2026-04-29,681481,Kerry Carpenter,away,6,0.6132,0.325,0.0714,0.1746,0.0312,2026-04-29 22:33:08.644901+00
1159,65,824930,2026-04-29,679529,Spencer Torkelson,away,7,0.6468,0.3896,0.1282,0.2266,0.0344,2026-04-29 22:33:08.644901+00
1160,65,824930,2026-04-29,672761,Wenceel Pérez,away,8,0.574,0.2986,0.1076,0.1948,0.029,2026-04-29 22:33:08.644901+00
1161,65,824930,2026-04-29,690291,Jace Jung,away,9,0.5444,0.2992,0.1082,0.1896,0.0286,2026-04-29 22:33:08.644901+00
1162,65,824930,2026-04-29,660670,Ronald Acuña Jr.,home,1,0.6948,0.4422,0.1442,0.2408,0.0378,2026-04-29 22:33:08.644901+00
1163,65,824930,2026-04-29,686948,Drake Baldwin,home,2,0.6862,0.4164,0.1434,0.234,0.0424,2026-04-29 22:33:08.644901+00
1164,65,824930,2026-04-29,645277,Ozzie Albies,home,3,0.6718,0.3946,0.1124,0.217,0.0362,2026-04-29 22:33:08.644901+00
1165,65,824930,2026-04-29,621566,Matt Olson,home,4,0.742,0.4952,0.1808,0.3132,0.036,2026-04-29 22:33:08.644901+00
1166,65,824930,2026-04-29,663586,Austin Riley,home,5,0.6838,0.4194,0.0988,0.2534,0.0358,2026-04-29 22:33:08.644901+00
1167,65,824930,2026-04-29,643289,Mauricio Dubón,home,6,0.6984,0.4572,0.2134,0.3318,0.033,2026-04-29 22:33:08.644901+00
1168,65,824930,2026-04-29,671739,Michael Harris II,home,7,0.647,0.4138,0.1608,0.2802,0.0274,2026-04-29 22:33:08.644901+00
1169,65,824930,2026-04-29,642201,Eli White,home,8,0.6096,0.3402,0.0934,0.2104,0.0358,2026-04-29 22:33:08.644901+00
1170,65,824930,2026-04-29,641680,Jonah Heim,home,9,0.516,0.2388,0.0334,0.14,0.0312,2026-04-29 22:33:08.644901+00
1171,66,823796,2026-04-29,672695,Geraldo Perdomo,away,1,0.6448,0.3752,0.0364,0.1582,0.0398,2026-04-29 22:33:22.0807+00
1172,66,823796,2026-04-29,606466,Ketel Marte,away,2,0.6934,0.3946,0.0712,0.189,0.0432,2026-04-29 22:33:22.0807+00
1173,66,823796,2026-04-29,682998,Corbin Carroll,away,3,0.7288,0.4716,0.1562,0.2768,0.0418,2026-04-29 22:33:22.0807+00
1174,66,823796,2026-04-29,680728,Adrian Del Castillo,away,4,0.6698,0.3944,0.133,0.2514,0.035,2026-04-29 22:33:22.0807+00
1175,66,823796,2026-04-29,545121,Ildemaro Vargas,away,5,0.629,0.4224,0.242,0.329,0.03,2026-04-29 22:33:22.0807+00
1176,66,823796,2026-04-29,666971,Lourdes Gurriel Jr.,away,6,0.6572,0.357,0.0996,0.21,0.0424,2026-04-29 22:33:22.0807+00
1177,66,823796,2026-04-29,571448,Nolan Arenado,away,7,0.6552,0.3994,0.1402,0.2392,0.034,2026-04-29 22:33:22.0807+00
1178,66,823796,2026-04-29,699912,Jose Fernandez,away,8,0.6456,0.3448,0.0732,0.1882,0.0368,2026-04-29 22:33:22.0807+00
1179,66,823796,2026-04-29,677950,Alek Thomas,away,9,0.581,0.3088,0.0588,0.1784,0.0306,2026-04-29 22:33:22.0807+00
1180,66,823796,2026-04-29,663604,Brandon Lockridge,home,1,0.637,0.3648,0.105,0.2036,0.045,2026-04-29 22:33:22.0807+00
1181,66,823796,2026-04-29,668930,Brice Turang,home,2,0.6918,0.4658,0.194,0.2866,0.0362,2026-04-29 22:33:22.0807+00
1182,66,823796,2026-04-29,661388,William Contreras,home,3,0.6828,0.463,0.1794,0.2898,0.0344,2026-04-29 22:33:22.0807+00
1183,66,823796,2026-04-29,641343,Jake Bauers,home,4,0.6316,0.3768,0.133,0.2372,0.0312,2026-04-29 22:33:22.0807+00
1184,66,823796,2026-04-29,596142,Gary Sánchez,home,5,0.6072,0.3104,0.0448,0.1686,0.0386,2026-04-29 22:33:22.0807+00
1185,66,823796,2026-04-29,650859,Luis Rengifo,home,6,0.68,0.4142,0.1214,0.2398,0.0388,2026-04-29 22:33:22.0807+00
1186,66,823796,2026-04-29,675659,Greg Jones,home,7,0.6362,0.3778,0.1436,0.2422,0.0366,2026-04-29 22:33:22.0807+00
1187,66,823796,2026-04-29,663368,Blake Perkins,home,8,0.6188,0.3582,0.1232,0.2314,0.029,2026-04-29 22:33:22.0807+00
1188,66,823796,2026-04-29,687401,Joey Ortiz,home,9,0.5788,0.3214,0.105,0.2074,0.0322,2026-04-29 22:33:22.0807+00
1189,67,825015,2026-04-30,672580,Maikel Garcia,away,1,0.8424,0.700233,0.335244,0.4148,0.0488,2026-04-29 22:33:39.040446+00
1190,67,825015,2026-04-30,677951,Bobby Witt Jr.,away,2,0.7398,0.556188,0.334152,0.387,0.0374,2026-04-29 22:33:39.040446+00
1191,67,825015,2026-04-30,695600,Carter Jensen,away,3,0.653,0.401016,0.107016,0.207,0.0382,2026-04-29 22:33:39.040446+00
1192,67,825015,2026-04-30,521692,Salvador Perez,away,4,0.7452,0.547739,0.285012,0.363,0.037,2026-04-29 22:33:39.040446+00
1193,67,825015,2026-04-30,686681,Michael Massey,away,5,0.6552,0.359183,0.0694512,0.1848,0.0404,2026-04-29 22:33:39.040446+00
1194,67,825015,2026-04-30,686555,Isaac Collins,away,6,0.6636,0.391331,0.0965328,0.2158,0.0344,2026-04-29 22:33:39.040446+00
1195,67,825015,2026-04-30,695506,Jac Caglianone,away,7,0.7074,0.501579,0.231504,0.3196,0.034,2026-04-29 22:33:39.040446+00
1196,67,825015,2026-04-30,657041,Lane Thomas,away,8,0.643,0.420799,0.195031,0.2808,0.03,2026-04-29 22:33:39.040446+00
1197,67,825015,2026-04-30,664728,Kyle Isbel,away,9,0.5458,0.281906,0.0703248,0.1684,0.031,2026-04-29 22:33:39.040446+00
1198,67,825015,2026-04-30,701762,Nick Kurtz,home,1,0.6914,0.411526,0.0683592,0.186,0.0466,2026-04-29 22:33:39.040446+00
1199,67,825015,2026-04-30,669127,Shea Langeliers,home,2,0.722,0.49787,0.176686,0.2818,0.0342,2026-04-29 22:33:39.040446+00
1200,67,825015,2026-04-30,666126,Carlos Cortes,home,3,0.6308,0.449443,0.137592,0.2428,0.0232,2026-04-29 22:33:39.040446+00
1201,67,825015,2026-04-30,667670,Brent Rooker,home,4,0.6972,0.472111,0.228665,0.3146,0.0352,2026-04-29 22:33:39.040446+00
1202,67,825015,2026-04-30,805779,Jacob Wilson,home,5,0.6266,0.368869,0.117936,0.2248,0.0372,2026-04-29 22:33:39.040446+00
1203,67,825015,2026-04-30,643446,Jeff McNeil,home,6,0.6764,0.413999,0.095004,0.2212,0.0368,2026-04-29 22:33:39.040446+00
1204,67,825015,2026-04-30,680869,Zack Gelof,home,7,0.482,0.267275,0.126235,0.1982,0.0234,2026-04-29 22:33:39.040446+00
1205,67,825015,2026-04-30,671732,Lawrence Butler,home,8,0.6392,0.402046,0.148949,0.2378,0.031,2026-04-29 22:33:39.040446+00
1206,67,825015,2026-04-30,687231,Darell Hernaiz,home,9,0.599,0.34311,0.063336,0.1782,0.0298,2026-04-29 22:33:39.040446+00
1207,68,824929,2026-04-30,805808,Kevin McGonigle,away,1,0.7454,0.497958,0.209664,0.3224,0.0492,2026-04-30 15:03:32.023036+00
1208,68,824929,2026-04-30,650402,Gleyber Torres,away,2,0.6822,0.401898,0.147238,0.2556,0.0404,2026-04-30 15:03:32.023036+00
1209,68,824929,2026-04-30,690993,Colt Keith,away,3,0.704,0.43877,0.12649,0.2584,0.0314,2026-04-30 15:03:32.023036+00
1210,68,824929,2026-04-30,682985,Riley Greene,away,4,0.7238,0.493495,0.221494,0.3492,0.0328,2026-04-30 15:03:32.023036+00
1211,68,824929,2026-04-30,679529,Spencer Torkelson,away,5,0.7288,0.485732,0.19929,0.3378,0.0328,2026-04-30 15:03:32.023036+00
1212,68,824929,2026-04-30,681481,Kerry Carpenter,away,6,0.647,0.339023,0.066976,0.2012,0.039,2026-04-30 15:03:32.023036+00
1213,68,824929,2026-04-30,663837,Matt Vierling,away,7,0.6454,0.370266,0.11102,0.238,0.0308,2026-04-30 15:03:32.023036+00
1214,68,824929,2026-04-30,701678,Hao-Yu  Lee,away,8,0.6372,0.377835,0.078078,0.2242,0.0324,2026-04-30 15:03:32.023036+00
1215,68,824929,2026-04-30,668670,Jake Rogers,away,9,0.5834,0.30351,0.093002,0.2252,0.0304,2026-04-30 15:03:32.023036+00
1216,68,824929,2026-04-30,660670,Ronald Acuña Jr.,home,1,0.6908,0.426932,0.134498,0.2536,0.038,2026-04-30 15:03:32.023036+00
1217,68,824929,2026-04-30,686948,Drake Baldwin,home,2,0.7152,0.429649,0.145418,0.2622,0.0442,2026-04-30 15:03:32.023036+00
1218,68,824929,2026-04-30,645277,Ozzie Albies,home,3,0.6968,0.405197,0.10465,0.2228,0.0364,2026-04-30 15:03:32.023036+00
1219,68,824929,2026-04-30,621566,Matt Olson,home,4,0.7506,0.503974,0.17199,0.327,0.0304,2026-04-30 15:03:32.023036+00
1220,68,824929,2026-04-30,663586,Austin Riley,home,5,0.669,0.421498,0.150332,0.2994,0.0394,2026-04-30 15:03:32.023036+00
1221,68,824929,2026-04-30,643289,Mauricio Dubón,home,6,0.7106,0.452548,0.1911,0.341,0.0384,2026-04-30 15:03:32.023036+00
1222,68,824929,2026-04-30,571657,Kyle Farmer,home,7,0.654,0.371625,0.08554,0.231,0.0356,2026-04-30 15:03:32.023036+00
1223,68,824929,2026-04-30,622761,Jorge Mateo,home,8,0.6268,0.351637,0.110838,0.239,0.0334,2026-04-30 15:03:32.023036+00
1224,68,824929,2026-04-30,642201,Eli White,home,9,0.6246,0.376282,0.151424,0.2852,0.0284,2026-04-30 15:03:32.023036+00
1225,69,824848,2026-04-30,621043,Carlos Correa,away,1,0.7764,0.5636,0.2184,0.3276,0.0442,2026-04-30 15:04:00.537158+00
1226,69,824848,2026-04-30,670541,Yordan Alvarez,away,2,0.7116,0.4826,0.198,0.2998,0.04,2026-04-30 15:04:00.537158+00
1227,69,824848,2026-04-30,670623,Isaac Paredes,away,3,0.6852,0.4378,0.132,0.2498,0.042,2026-04-30 15:04:00.537158+00
1228,69,824848,2026-04-30,572233,Christian Walker,away,4,0.7278,0.5084,0.2756,0.3768,0.034,2026-04-30 15:04:00.537158+00
1229,69,824848,2026-04-30,514888,Jose Altuve,away,5,0.6524,0.4034,0.1368,0.2596,0.0368,2026-04-30 15:04:00.537158+00
1230,69,824848,2026-04-30,673237,Yainer Diaz,away,6,0.708,0.4456,0.1222,0.2692,0.037,2026-04-30 15:04:00.537158+00
1231,69,824848,2026-04-30,694728,Brice Matthews,away,7,0.6896,0.457,0.1928,0.3036,0.0322,2026-04-30 15:04:00.537158+00
1232,69,824848,2026-04-30,687957,Dustin Harris,away,8,0.623,0.3784,0.1494,0.2498,0.0344,2026-04-30 15:04:00.537158+00
1233,69,824848,2026-04-30,543877,Christian Vázquez,away,9,0.6164,0.3872,0.1274,0.2418,0.0276,2026-04-30 15:04:00.537158+00
1234,69,824848,2026-04-30,683002,Gunnar Henderson,home,1,0.7382,0.4766,0.162,0.2496,0.0534,2026-04-30 15:04:00.537158+00
1235,69,824848,2026-04-30,621493,Taylor Ward,home,2,0.7528,0.5334,0.2606,0.3502,0.0384,2026-04-30 15:04:00.537158+00
1236,69,824848,2026-04-30,668939,Adley Rutschman,home,3,0.6192,0.3842,0.1778,0.2614,0.0262,2026-04-30 15:04:00.537158+00
1237,69,824848,2026-04-30,624413,Pete Alonso,home,4,0.6694,0.421,0.182,0.2748,0.0328,2026-04-30 15:04:00.537158+00
1238,69,824848,2026-04-30,687637,Dylan Beavers,home,5,0.6644,0.407,0.153,0.2562,0.0398,2026-04-30 15:04:00.537158+00
1239,69,824848,2026-04-30,669236,Jeremiah Jackson,home,6,0.6604,0.4004,0.1334,0.2428,0.032,2026-04-30 15:04:00.537158+00
1240,69,824848,2026-04-30,681297,Colton Cowser,home,7,0.5226,0.266,0.121,0.1858,0.023,2026-04-30 15:04:00.537158+00
1241,69,824848,2026-04-30,691723,Coby Mayo,home,8,0.5448,0.3256,0.1112,0.1874,0.023,2026-04-30 15:04:00.537158+00
1242,69,824848,2026-04-30,677942,Blaze Alexander,home,9,0.6216,0.3248,0.0734,0.1654,0.0338,2026-04-30 15:04:00.537158+00
1243,70,823391,2026-04-30,802139,JJ Wetherholt,away,1,0.7652,0.491225,0.15372,0.3318,0.04,2026-04-30 15:04:12.004842+00
1244,70,823391,2026-04-30,671056,Iván Herrera,away,2,0.754,0.489784,0.18942,0.3644,0.0372,2026-04-30 15:04:12.004842+00
1245,70,823391,2026-04-30,676475,Alec Burleson,away,3,0.7598,0.463294,0.11998,0.3032,0.0442,2026-04-30 15:04:12.004842+00
1246,70,823391,2026-04-30,691023,Jordan Walker,away,4,0.7152,0.394097,0.09884,0.267,0.0404,2026-04-30 15:04:12.004842+00
1247,70,823391,2026-04-30,669357,Nolan Gorman,away,5,0.7046,0.3786,0.0469,0.2144,0.0372,2026-04-30 15:04:12.004842+00
1248,70,823391,2026-04-30,691026,Masyn Winn,away,6,0.701,0.404369,0.0931,0.2754,0.0408,2026-04-30 15:04:12.004842+00
1249,70,823391,2026-04-30,701675,Nathan Church,away,7,0.6572,0.3604,0.09212,0.2534,0.0304,2026-04-30 15:04:12.004842+00
1250,70,823391,2026-04-30,686780,Pedro Pagés,away,8,0.7058,0.338776,0.02016,0.1764,0.034,2026-04-30 15:04:12.004842+00
1251,70,823391,2026-04-30,687363,Victor Scott II,away,9,0.5696,0.277508,0.07182,0.218,0.027,2026-04-30 15:04:12.004842+00
1252,70,823391,2026-04-30,665833,Oneil Cruz,home,1,0.6894,0.38725,0.09968,0.2184,0.0426,2026-04-30 15:04:12.004842+00
1253,70,823391,2026-04-30,664040,Brandon Lowe,home,2,0.7,0.356075,0.08022,0.1988,0.0396,2026-04-30 15:04:12.004842+00
1254,70,823391,2026-04-30,668804,Bryan Reynolds,home,3,0.6192,0.317152,0.07448,0.1928,0.0324,2026-04-30 15:04:12.004842+00
1255,70,823391,2026-04-30,656811,Ryan O'Hearn,home,4,0.6552,0.328144,0.07756,0.2086,0.0314,2026-04-30 15:04:12.004842+00
1256,70,823391,2026-04-30,693304,Nick Gonzales,home,5,0.6604,0.389412,0.14056,0.296,0.033,2026-04-30 15:04:12.004842+00
1257,70,823391,2026-04-30,687462,Spencer Horwitz,home,6,0.581,0.274625,0.04522,0.163,0.0334,2026-04-30 15:04:12.004842+00
1258,70,823391,2026-04-30,804606,Konnor Griffin,home,7,0.4834,0.195697,0.04928,0.1368,0.0302,2026-04-30 15:04:12.004842+00
1259,70,823391,2026-04-30,663968,Jake Mangum,home,8,0.5876,0.271561,0.07966,0.1834,0.0334,2026-04-30 15:04:12.004842+00
1260,70,823391,2026-04-30,680779,Henry Davis,home,9,0.5198,0.229575,0.03164,0.1274,0.0296,2026-04-30 15:04:12.004842+00
1261,71,823472,2026-04-30,671218,Heliot Ramos,away,1,0.7624,0.5048,0.1412,0.2488,0.0482,2026-04-30 15:04:41.062781+00
1262,71,823472,2026-04-30,656305,Matt Chapman,away,2,0.7114,0.5346,0.3436,0.4094,0.028,2026-04-30 15:04:41.062781+00
1263,71,823472,2026-04-30,650333,Luis Arraez,away,3,0.7588,0.5622,0.255,0.3532,0.04,2026-04-30 15:04:41.062781+00
1264,71,823472,2026-04-30,669477,Casey Schmitt,away,4,0.7082,0.4738,0.2148,0.3102,0.0322,2026-04-30 15:04:41.062781+00
1265,71,823472,2026-04-30,646240,Rafael Devers,away,5,0.7524,0.5026,0.1356,0.2784,0.042,2026-04-30 15:04:41.062781+00
1266,71,823472,2026-04-30,642715,Willy Adames,away,6,0.6396,0.3616,0.0936,0.2126,0.0364,2026-04-30 15:04:41.062781+00
1267,71,823472,2026-04-30,808982,Jung Hoo Lee,away,7,0.692,0.4172,0.111,0.2416,0.037,2026-04-30 15:04:41.062781+00
1268,71,823472,2026-04-30,666464,Jerar Encarnacion,away,8,0.6452,0.3798,0.1324,0.2436,0.034,2026-04-30 15:04:41.062781+00
1269,71,823472,2026-04-30,672275,Patrick Bailey,away,9,0.568,0.3216,0.0926,0.2024,0.0322,2026-04-30 15:04:41.062781+00
1270,71,823472,2026-04-30,607208,Trea Turner,home,1,0.7298,0.4928,0.1578,0.2566,0.0442,2026-04-30 15:04:41.062781+00
1271,71,823472,2026-04-30,656941,Kyle Schwarber,home,2,0.7016,0.479,0.201,0.297,0.028,2026-04-30 15:04:41.062781+00
1272,71,823472,2026-04-30,547180,Bryce Harper,home,3,0.6748,0.3462,0.036,0.1478,0.0384,2026-04-30 15:04:41.062781+00
1273,71,823472,2026-04-30,666969,Adolis García,home,4,0.6048,0.3558,0.1094,0.214,0.0302,2026-04-30 15:04:41.062781+00
1274,71,823472,2026-04-30,669016,Brandon Marsh,home,5,0.704,0.4614,0.1824,0.3044,0.0344,2026-04-30 15:04:41.062781+00
1275,71,823472,2026-04-30,681082,Bryson Stott,home,6,0.6612,0.4418,0.1834,0.2912,0.033,2026-04-30 15:04:41.062781+00
1276,71,823472,2026-04-30,624641,Edmundo Sosa,home,7,0.5984,0.3054,0.0488,0.163,0.036,2026-04-30 15:04:41.062781+00
1277,71,823472,2026-04-30,702222,Justin Crawford,home,8,0.5922,0.3466,0.1434,0.234,0.0292,2026-04-30 15:04:41.062781+00
1278,71,823472,2026-04-30,665561,Rafael Marchán,home,9,0.6204,0.3428,0.0698,0.1776,0.0316,2026-04-30 15:04:41.062781+00
1279,72,824524,2026-04-30,687597,Jordan Beck,away,1,0.6894,0.416263,0.137862,0.252,0.0468,2026-04-30 15:05:09.014733+00
1280,72,824524,2026-04-30,686668,Brenton Doyle,away,2,0.7564,0.511831,0.158242,0.2878,0.0544,2026-04-30 15:05:09.014733+00
1281,72,824524,2026-04-30,696100,Hunter Goodman,away,3,0.7678,0.547219,0.183017,0.335,0.0384,2026-04-30 15:05:09.014733+00
1282,72,824524,2026-04-30,671289,Tyler Freeman,away,4,0.6204,0.381674,0.195205,0.303,0.0292,2026-04-30 15:05:09.014733+00
1283,72,824524,2026-04-30,650489,Willi Castro,away,5,0.7118,0.448652,0.152248,0.2904,0.0432,2026-04-30 15:05:09.014733+00
1284,72,824524,2026-04-30,681198,TJ Rumfield,away,6,0.7102,0.45385,0.151848,0.2898,0.0392,2026-04-30 15:05:09.014733+00
1285,72,824524,2026-04-30,691720,Kyle Karros,away,7,0.6558,0.430058,0.143656,0.2718,0.0322,2026-04-30 15:05:09.014733+00
1286,72,824524,2026-04-30,678662,Ezequiel Tovar,away,8,0.6506,0.400268,0.134665,0.2564,0.0332,2026-04-30 15:05:09.014733+00
1287,72,824524,2026-04-30,687859,Troy Johnston,away,9,0.6868,0.452851,0.149051,0.3004,0.0332,2026-04-30 15:05:09.014733+00
1288,72,824524,2026-04-30,670770,TJ Friedl,home,1,0.757,0.513231,0.138262,0.2698,0.0456,2026-04-30 15:05:09.014733+00
1289,72,824524,2026-04-30,680574,Matt McLain,home,2,0.7162,0.460648,0.144855,0.2758,0.0402,2026-04-30 15:05:09.014733+00
1290,72,824524,2026-04-30,682829,Elly De La Cruz,home,3,0.7392,0.54562,0.254745,0.3782,0.0334,2026-04-30 15:05:09.014733+00
1291,72,824524,2026-04-30,701398,Sal Stewart,home,4,0.6316,0.33329,0.062937,0.1878,0.0364,2026-04-30 15:05:09.014733+00
1292,72,824524,2026-04-30,663993,Nathaniel Lowe,home,5,0.6748,0.395669,0.0937062,0.2346,0.0392,2026-04-30 15:05:09.014733+00
1293,72,824524,2026-04-30,663886,Tyler Stephenson,home,6,0.6516,0.390271,0.134665,0.2578,0.0348,2026-04-30 15:05:09.014733+00
1294,72,824524,2026-04-30,668709,JJ Bleday,home,7,0.5626,0.244519,0.053946,0.149,0.034,2026-04-30 15:05:09.014733+00
1295,72,824524,2026-04-30,668715,Spencer Steer,home,8,0.6952,0.439855,0.127073,0.251,0.0324,2026-04-30 15:05:09.014733+00
1296,72,824524,2026-04-30,666181,Will Benson,home,9,0.6106,0.329491,0.105694,0.2172,0.0256,2026-04-30 15:05:09.014733+00
1297,73,823634,2026-04-30,695578,James Wood,away,1,0.776,0.554483,0.175696,0.2712,0.0418,2026-04-30 15:05:24.312472+00
1298,73,823634,2026-04-30,671277,Luis García Jr.,away,2,0.766,0.568092,0.285315,0.3598,0.0356,2026-04-30 15:05:24.312472+00
1299,73,823634,2026-04-30,695734,Daylen Lile,away,3,0.6778,0.47097,0.183573,0.281,0.0296,2026-04-30 15:05:24.312472+00
1300,73,823634,2026-04-30,682928,CJ Abrams,away,4,0.7348,0.5052,0.259716,0.352,0.0358,2026-04-30 15:05:24.312472+00
1301,73,823634,2026-04-30,677588,José Tena,away,5,0.695,0.442926,0.194732,0.2826,0.0398,2026-04-30 15:05:24.312472+00
1302,73,823634,2026-04-30,678391,Jorbit Vivas,away,6,0.657,0.428286,0.179416,0.2576,0.0298,2026-04-30 15:05:24.312472+00
1303,73,823634,2026-04-30,683083,Nasim Nuñez,away,7,0.6522,0.407047,0.149222,0.2316,0.0324,2026-04-30 15:05:24.312472+00
1304,73,823634,2026-04-30,686452,Drew Millas,away,8,0.6488,0.385808,0.11115,0.2068,0.032,2026-04-30 15:05:24.312472+00
1305,73,823634,2026-04-30,696285,Jacob Young,away,9,0.68,0.392819,0.13128,0.2198,0.0378,2026-04-30 15:05:24.312472+00
1306,73,823634,2026-04-30,666182,Bo Bichette,home,1,0.7488,0.530357,0.203265,0.298,0.0438,2026-04-30 15:05:24.312472+00
1307,73,823634,2026-04-30,665742,Juan Soto,home,2,0.65,0.38457,0.109619,0.207,0.0364,2026-04-30 15:05:24.312472+00
1308,73,823634,2026-04-30,669004,MJ Melendez,home,3,0.6852,0.43674,0.108087,0.2418,0.0332,2026-04-30 15:05:24.312472+00
1309,73,823634,2026-04-30,668901,Mark Vientos,home,4,0.6098,0.378591,0.117277,0.2396,0.0314,2026-04-30 15:05:24.312472+00
1310,73,823634,2026-04-30,683146,Brett Baty,home,5,0.628,0.346629,0.037196,0.182,0.0388,2026-04-30 15:05:24.312472+00
1311,73,823634,2026-04-30,543760,Marcus Semien,home,6,0.4702,0.235485,0.0927712,0.167,0.026,2026-04-30 15:05:24.312472+00
1312,73,823634,2026-04-30,701807,Carson Benge,home,7,0.545,0.256724,0.0938652,0.1686,0.0306,2026-04-30 15:05:24.312472+00
1313,73,823634,2026-04-30,620443,Luis Torrens,home,8,0.594,0.326215,0.072204,0.1596,0.0356,2026-04-30 15:05:24.312472+00
1314,73,823634,2026-04-30,677595,Ronny Mauricio,home,9,0.5672,0.270746,0.0220988,0.123,0.0364,2026-04-30 15:05:24.312472+00
1333,75,825016,2026-04-30,672580,Maikel Garcia,away,1,0.6806,0.400098,0.0919596,0.1822,0.0468,2026-04-30 18:51:02.010941+00
1334,75,825016,2026-04-30,677951,Bobby Witt Jr.,away,2,0.7314,0.554566,0.337496,0.368,0.0372,2026-04-30 18:51:02.010941+00
1335,75,825016,2026-04-30,657041,Lane Thomas,away,3,0.7706,0.606477,0.27938,0.3478,0.0344,2026-04-30 18:51:02.010941+00
1336,75,825016,2026-04-30,521692,Salvador Perez,away,4,0.6402,0.415502,0.163613,0.253,0.0322,2026-04-30 18:51:02.010941+00
1337,75,825016,2026-04-30,679845,Nick Loftin,away,5,0.5708,0.317588,0.0882252,0.1846,0.0328,2026-04-30 18:51:02.010941+00
1338,75,825016,2026-04-30,516782,Starling Marte,away,6,0.6076,0.357682,0.0961608,0.1904,0.0366,2026-04-30 18:51:02.010941+00
1339,75,825016,2026-04-30,695600,Carter Jensen,away,7,0.6596,0.401153,0.0926598,0.1826,0.035,2026-04-30 18:51:02.010941+00
1340,75,825016,2026-04-30,686555,Isaac Collins,away,8,0.6488,0.461294,0.201658,0.2786,0.0308,2026-04-30 18:51:02.010941+00
1341,75,825016,2026-04-30,553869,Elias Díaz,away,9,0.6284,0.426897,0.209126,0.281,0.0264,2026-04-30 18:51:02.010941+00
1342,75,825016,2026-04-30,805779,Jacob Wilson,home,1,0.6922,0.432806,0.0760884,0.1796,0.0438,2026-04-30 18:51:02.010941+00
1343,75,825016,2026-04-30,669127,Shea Langeliers,home,2,0.702,0.488305,0.159179,0.2622,0.036,2026-04-30 18:51:02.010941+00
1344,75,825016,2026-04-30,701762,Nick Kurtz,home,3,0.6824,0.450743,0.167348,0.2636,0.0348,2026-04-30 18:51:02.010941+00
1345,75,825016,2026-04-30,687515,Colby Thomas,home,4,0.6874,0.470368,0.249738,0.317,0.036,2026-04-30 18:51:02.010941+00
1346,75,825016,2026-04-30,687231,Darell Hernaiz,home,5,0.5688,0.309147,0.0480804,0.1568,0.0344,2026-04-30 18:51:02.010941+00
1347,75,825016,2026-04-30,666126,Carlos Cortes,home,6,0.6712,0.411071,0.114133,0.2208,0.0402,2026-04-30 18:51:02.010941+00
1348,75,825016,2026-04-30,642851,Austin Wynns,home,7,0.5664,0.385326,0.118801,0.21,0.026,2026-04-30 18:51:02.010941+00
1349,75,825016,2026-04-30,680869,Zack Gelof,home,8,0.6334,0.397987,0.105964,0.2172,0.032,2026-04-30 18:51:02.010941+00
1350,75,825016,2026-04-30,671732,Lawrence Butler,home,9,0.5944,0.341012,0.116,0.2068,0.0318,2026-04-30 18:51:02.010941+00
1351,76,823471,2026-04-30,671218,Heliot Ramos,away,1,0.763,0.522,0.1524,0.2832,0.0478,2026-04-30 21:26:26.312826+00
1352,76,823471,2026-04-30,656305,Matt Chapman,away,2,0.7224,0.5478,0.3526,0.4304,0.0358,2026-04-30 21:26:26.312826+00
1353,76,823471,2026-04-30,650333,Luis Arraez,away,3,0.767,0.5664,0.2612,0.3666,0.0394,2026-04-30 21:26:26.312826+00
1354,76,823471,2026-04-30,669477,Casey Schmitt,away,4,0.7162,0.4926,0.2278,0.3418,0.0398,2026-04-30 21:26:26.312826+00
1355,76,823471,2026-04-30,646240,Rafael Devers,away,5,0.6628,0.38,0.0964,0.2296,0.035,2026-04-30 21:26:26.312826+00
1356,76,823471,2026-04-30,642715,Willy Adames,away,6,0.6908,0.4044,0.0886,0.2204,0.0394,2026-04-30 21:26:26.312826+00
1357,76,823471,2026-04-30,808982,Jung Hoo Lee,away,7,0.6656,0.4012,0.1364,0.2602,0.034,2026-04-30 21:26:26.312826+00
1358,76,823471,2026-04-30,606992,Eric Haase,away,8,0.6582,0.4016,0.1268,0.2494,0.0326,2026-04-30 21:26:26.312826+00
1359,76,823471,2026-04-30,687551,Drew Gilbert,away,9,0.5938,0.3158,0.069,0.1868,0.035,2026-04-30 21:26:26.312826+00
1360,76,823471,2026-04-30,607208,Trea Turner,home,1,0.732,0.4856,0.1692,0.2628,0.047,2026-04-30 21:26:26.312826+00
1361,76,823471,2026-04-30,656941,Kyle Schwarber,home,2,0.7008,0.483,0.1946,0.2828,0.037,2026-04-30 21:26:26.312826+00
1362,76,823471,2026-04-30,547180,Bryce Harper,home,3,0.6606,0.3418,0.0364,0.135,0.0446,2026-04-30 21:26:26.312826+00
1363,76,823471,2026-04-30,666969,Adolis García,home,4,0.6154,0.3646,0.1158,0.2282,0.0306,2026-04-30 21:26:26.312826+00
1364,76,823471,2026-04-30,681082,Bryson Stott,home,5,0.7024,0.4802,0.1912,0.3122,0.0332,2026-04-30 21:26:26.312826+00
1365,76,823471,2026-04-30,664761,Alec Bohm,home,6,0.656,0.4308,0.173,0.286,0.0282,2026-04-30 21:26:26.312826+00
1366,76,823471,2026-04-30,702222,Justin Crawford,home,7,0.6026,0.3152,0.0586,0.1734,0.0348,2026-04-30 21:26:26.312826+00
1367,76,823471,2026-04-30,694025,Felix Reyes,home,8,0.6638,0.4156,0.1834,0.2836,0.031,2026-04-30 21:26:26.312826+00
1368,76,823471,2026-04-30,596117,Garrett Stubbs,home,9,0.477,0.2764,0.092,0.17,0.0204,2026-04-30 21:26:26.312826+00
1405,79,823714,2026-04-30,543807,George Springer,away,1,0.7224,0.5414,0.2716,0.3484,0.037,2026-04-30 22:19:59.846864+00
1406,79,823714,2026-04-30,660821,Jesús Sánchez,away,2,0.7096,0.4566,0.1696,0.2536,0.045,2026-04-30 22:19:59.846864+00
1407,79,823714,2026-04-30,665489,Vladimir Guerrero Jr.,away,3,0.6684,0.418,0.1596,0.2484,0.0346,2026-04-30 22:19:59.846864+00
1408,79,823714,2026-04-30,672960,Kazuma Okamoto,away,4,0.6656,0.4104,0.1648,0.26,0.0342,2026-04-30 22:19:59.846864+00
1409,79,823714,2026-04-30,662139,Daulton Varsho,away,5,0.6482,0.3772,0.0162,0.148,0.0384,2026-04-30 22:19:59.846864+00
1410,79,823714,2026-04-30,676391,Ernie Clement,away,6,0.602,0.397,0.1722,0.276,0.0268,2026-04-30 22:19:59.846864+00
1411,79,823714,2026-04-30,682818,Yohendrick Pinango,away,7,0.6612,0.396,0.0734,0.196,0.0346,2026-04-30 22:19:59.846864+00
1412,79,823714,2026-04-30,665926,Andrés Giménez,away,8,0.5576,0.2832,0.0938,0.1846,0.0314,2026-04-30 22:19:59.846864+00
1413,79,823714,2026-04-30,678218,Brandon Valenzuela,away,9,0.6198,0.385,0.1696,0.2534,0.026,2026-04-30 22:19:59.846864+00
1414,79,823714,2026-04-30,621439,Byron Buxton,home,1,0.7286,0.4844,0.2192,0.3076,0.043,2026-04-30 22:19:59.846864+00
1415,79,823714,2026-04-30,663616,Trevor Larnach,home,2,0.7062,0.4584,0.1648,0.2624,0.0332,2026-04-30 22:19:59.846864+00
1416,79,823714,2026-04-30,680777,Ryan Jeffers,home,3,0.7082,0.4624,0.181,0.2774,0.0366,2026-04-30 22:19:59.846864+00
1417,79,823714,2026-04-30,605137,Josh Bell,home,4,0.6648,0.4032,0.1456,0.2496,0.0316,2026-04-30 22:19:59.846864+00
1418,79,823714,2026-04-30,668885,Austin Martin,home,5,0.6198,0.4102,0.1942,0.289,0.0332,2026-04-30 22:19:59.846864+00
1419,79,823714,2026-04-30,665019,Kody Clemens,home,6,0.6256,0.3198,0.0622,0.1708,0.0342,2026-04-30 22:19:59.846864+00
1420,79,823714,2026-04-30,807712,Luke Keaschall,home,7,0.6466,0.378,0.125,0.222,0.0332,2026-04-30 22:19:59.846864+00
1421,79,823714,2026-04-30,686797,Brooks Lee,home,8,0.6154,0.3286,0.0924,0.193,0.0262,2026-04-30 22:19:59.846864+00
1422,79,823714,2026-04-30,668904,Royce Lewis,home,9,0.6032,0.3534,0.1218,0.2234,0.033,2026-04-30 22:19:59.846864+00