id,recorded_at,player_prediction_id,game_id,game_date,player_id,player_name,status,plate_appearances,at_bats,hits,doubles,triples,home_runs,rbi,stolen_bases,total_bases,hit_1h,hit_2tb,hit_1hr,hit_1rbi,hit_1sb
19,2026-04-28 21:03:45.670156+00,82,823473,2026-04-28,607208,Trea Turner,pending,,,,,,,,,,,,,,
20,2026-04-28 21:03:45.670156+00,89,823473,2026-04-28,702222,Justin Crawford,pending,,,,,,,,,,,,,,
21,2026-04-28 21:03:45.670156+00,83,823473,2026-04-28,656941,Kyle Schwarber,pending,,,,,,,,,,,,,,
22,2026-04-28 21:03:45.670156+00,77,823473,2026-04-28,646240,Rafael Devers,pending,,,,,,,,,,,,,,
23,2026-04-28 21:03:45.670156+00,73,823473,2026-04-28,808982,Jung Hoo Lee,pending,,,,,,,,,,,,,,
24,2026-04-28 21:03:45.670156+00,85,823473,2026-04-28,666969,Adolis García,pending,,,,,,,,,,,,,,
25,2026-04-28 21:03:45.670156+00,78,823473,2026-04-28,642715,Willy Adames,pending,,,,,,,,,,,,,,
26,2026-04-28 21:03:45.670156+00,80,823473,2026-04-28,687551,Drew Gilbert,pending,,,,,,,,,,,,,,
27,2026-04-28 21:03:45.670156+00,76,823473,2026-04-28,669477,Casey Schmitt,pending,,,,,,,,,,,,,,
28,2026-04-28 21:03:45.670156+00,81,823473,2026-04-28,672275,Patrick Bailey,pending,,,,,,,,,,,,,,
29,2026-04-28 21:03:45.670156+00,79,823473,2026-04-28,671218,Heliot Ramos,pending,,,,,,,,,,,,,,
30,2026-04-28 21:03:45.670156+00,90,823473,2026-04-28,665561,Rafael Marchán,pending,,,,,,,,,,,,,,
31,2026-04-28 21:03:45.670156+00,84,823473,2026-04-28,547180,Bryce Harper,pending,,,,,,,,,,,,,,
32,2026-04-28 21:03:45.670156+00,74,823473,2026-04-28,656305,Matt Chapman,pending,,,,,,,,,,,,,,
33,2026-04-28 21:03:45.670156+00,86,823473,2026-04-28,669016,Brandon Marsh,pending,,,,,,,,,,,,,,
34,2026-04-28 21:03:45.670156+00,75,823473,2026-04-28,650333,Luis Arraez,pending,,,,,,,,,,,,,,
35,2026-04-28 21:03:45.670156+00,87,823473,2026-04-28,681082,Bryson Stott,pending,,,,,,,,,,,,,,
36,2026-04-28 21:03:45.670156+00,88,823473,2026-04-28,664761,Alec Bohm,pending,,,,,,,,,,,,,,
73,2026-04-28 21:03:50.15416+00,11,824447,2026-04-28,800050,Chase DeLauter,pending,,,,,,,,,,,,,,
74,2026-04-28 21:03:50.15416+00,17,824447,2026-04-28,666310,Bo Naylor,pending,,,,,,,,,,,,,,
75,2026-04-28 21:03:50.15416+00,12,824447,2026-04-28,608070,José Ramírez,pending,,,,,,,,,,,,,,
76,2026-04-28 21:03:50.15416+00,10,824447,2026-04-28,680757,Steven Kwan,pending,,,,,,,,,,,,,,
77,2026-04-28 21:03:50.15416+00,18,824447,2026-04-28,677587,Brayan Rocchio,pending,,,,,,,,,,,,,,
78,2026-04-28 21:03:50.15416+00,2,824447,2026-04-28,691406,Junior Caminero,pending,,,,,,,,,,,,,,
79,2026-04-28 21:03:50.15416+00,15,824447,2026-04-28,682657,Angel Martínez,pending,,,,,,,,,,,,,,
80,2026-04-28 21:03:50.15416+00,13,824447,2026-04-28,700932,Kyle Manzardo,pending,,,,,,,,,,,,,,
81,2026-04-28 21:03:50.15416+00,5,824447,2026-04-28,641584,Jake Fraley,pending,,,,,,,,,,,,,,
82,2026-04-28 21:03:50.15416+00,8,824447,2026-04-28,680700,Richie Palacios,pending,,,,,,,,,,,,,,
83,2026-04-28 21:03:50.15416+00,6,824447,2026-04-28,656775,Cedric Mullins,pending,,,,,,,,,,,,,,
84,2026-04-28 21:03:50.15416+00,16,824447,2026-04-28,683953,Travis Bazzana,pending,,,,,,,,,,,,,,
85,2026-04-28 21:03:50.15416+00,4,824447,2026-04-28,650490,Yandy Díaz,pending,,,,,,,,,,,,,,
86,2026-04-28 21:03:50.15416+00,1,824447,2026-04-28,802415,Chandler Simpson,pending,,,,,,,,,,,,,,
87,2026-04-28 21:03:50.15416+00,3,824447,2026-04-28,666018,Jonathan Aranda,pending,,,,,,,,,,,,,,
88,2026-04-28 21:03:50.15416+00,14,824447,2026-04-28,682177,Daniel Schneemann,pending,,,,,,,,,,,,,,
89,2026-04-28 21:03:50.15416+00,9,824447,2026-04-28,670764,Taylor Walls,pending,,,,,,,,,,,,,,
90,2026-04-28 21:03:50.15416+00,7,824447,2026-04-28,663743,Nick Fortes,pending,,,,,,,,,,,,,,
91,2026-04-28 21:03:51.617102+00,39,824526,2026-04-28,696100,Hunter Goodman,pending,,,,,,,,,,,,,,
92,2026-04-28 21:03:51.617102+00,47,824526,2026-04-28,680574,Matt McLain,pending,,,,,,,,,,,,,,
93,2026-04-28 21:03:51.617102+00,46,824526,2026-04-28,667472,Dane Myers,pending,,,,,,,,,,,,,,
94,2026-04-28 21:03:51.617102+00,40,824526,2026-04-28,681198,TJ Rumfield,pending,,,,,,,,,,,,,,
95,2026-04-28 21:03:51.617102+00,52,824526,2026-04-28,663886,Tyler Stephenson,pending,,,,,,,,,,,,,,
96,2026-04-28 21:03:51.617102+00,37,824526,2026-04-28,666397,Edouard Julien,pending,,,,,,,,,,,,,,
97,2026-04-28 21:03:51.617102+00,38,824526,2026-04-28,666160,Mickey Moniak,pending,,,,,,,,,,,,,,
98,2026-04-28 21:03:51.617102+00,48,824526,2026-04-28,682829,Elly De La Cruz,pending,,,,,,,,,,,,,,
99,2026-04-28 21:03:51.617102+00,50,824526,2026-04-28,668715,Spencer Steer,pending,,,,,,,,,,,,,,
100,2026-04-28 21:03:51.617102+00,51,824526,2026-04-28,663993,Nathaniel Lowe,pending,,,,,,,,,,,,,,
101,2026-04-28 21:03:51.617102+00,42,824526,2026-04-28,687859,Troy Johnston,pending,,,,,,,,,,,,,,
102,2026-04-28 21:03:51.617102+00,41,824526,2026-04-28,671289,Tyler Freeman,pending,,,,,,,,,,,,,,
103,2026-04-28 21:03:51.617102+00,54,824526,2026-04-28,663647,Ke'Bryan Hayes,pending,,,,,,,,,,,,,,
104,2026-04-28 21:03:51.617102+00,53,824526,2026-04-28,677956,Rece Hinds,pending,,,,,,,,,,,,,,
105,2026-04-28 21:03:51.617102+00,44,824526,2026-04-28,678662,Ezequiel Tovar,pending,,,,,,,,,,,,,,
106,2026-04-28 21:03:51.617102+00,49,824526,2026-04-28,701398,Sal Stewart,pending,,,,,,,,,,,,,,
107,2026-04-28 21:03:51.617102+00,45,824526,2026-04-28,664983,Jake McCarthy,pending,,,,,,,,,,,,,,
108,2026-04-28 21:03:51.617102+00,43,824526,2026-04-28,691720,Kyle Karros,pending,,,,,,,,,,,,,,
109,2026-04-28 21:03:53.089093+00,20,824849,2026-04-28,670541,Yordan Alvarez,pending,,,,,,,,,,,,,,
110,2026-04-28 21:03:53.089093+00,25,824849,2026-04-28,687957,Dustin Harris,pending,,,,,,,,,,,,,,
111,2026-04-28 21:03:53.089093+00,26,824849,2026-04-28,701358,Cam Smith,pending,,,,,,,,,,,,,,
112,2026-04-28 21:03:53.089093+00,27,824849,2026-04-28,694728,Brice Matthews,pending,,,,,,,,,,,,,,
113,2026-04-28 21:03:53.089093+00,33,824849,2026-04-28,665750,Leody Taveras,pending,,,,,,,,,,,,,,
114,2026-04-28 21:03:53.089093+00,31,824849,2026-04-28,624413,Pete Alonso,pending,,,,,,,,,,,,,,
115,2026-04-28 21:03:53.089093+00,34,824849,2026-04-28,687637,Dylan Beavers,pending,,,,,,,,,,,,,,
116,2026-04-28 21:03:53.089093+00,21,824849,2026-04-28,670623,Isaac Paredes,pending,,,,,,,,,,,,,,
117,2026-04-28 21:03:53.089093+00,19,824849,2026-04-28,621043,Carlos Correa,pending,,,,,,,,,,,,,,
118,2026-04-28 21:03:53.089093+00,32,824849,2026-04-28,694212,Samuel Basallo,pending,,,,,,,,,,,,,,
119,2026-04-28 21:03:53.089093+00,24,824849,2026-04-28,673237,Yainer Diaz,pending,,,,,,,,,,,,,,
120,2026-04-28 21:03:53.089093+00,28,824849,2026-04-28,683002,Gunnar Henderson,pending,,,,,,,,,,,,,,
121,2026-04-28 21:03:53.089093+00,30,824849,2026-04-28,668939,Adley Rutschman,pending,,,,,,,,,,,,,,
122,2026-04-28 21:03:53.089093+00,29,824849,2026-04-28,621493,Taylor Ward,pending,,,,,,,,,,,,,,
123,2026-04-28 21:03:53.089093+00,36,824849,2026-04-28,669236,Jeremiah Jackson,pending,,,,,,,,,,,,,,
124,2026-04-28 21:03:53.089093+00,23,824849,2026-04-28,572233,Christian Walker,pending,,,,,,,,,,,,,,
125,2026-04-28 21:03:53.089093+00,22,824849,2026-04-28,514888,Jose Altuve,pending,,,,,,,,,,,,,,
126,2026-04-28 21:03:53.089093+00,35,824849,2026-04-28,691723,Coby Mayo,pending,,,,,,,,,,,,,,
271,2026-04-29 00:01:22.257775+00,373,823310,2026-04-29,593428,Xander Bogaerts,pending,,,,,,,,,,,,,,
272,2026-04-29 00:01:22.257775+00,361,823310,2026-04-29,663538,Nico Hoerner,pending,,,,,,,,,,,,,,
273,2026-04-29 00:01:22.257775+00,376,823310,2026-04-29,669134,Luis Campusano,pending,,,,,,,,,,,,,,
274,2026-04-29 00:01:22.257775+00,365,823310,2026-04-29,683737,Michael Busch,pending,,,,,,,,,,,,,,
275,2026-04-29 00:01:22.257775+00,367,823310,2026-04-29,621020,Dansby Swanson,pending,,,,,,,,,,,,,,
276,2026-04-29 00:01:22.257775+00,366,823310,2026-04-29,608348,Carson Kelly,pending,,,,,,,,,,,,,,
277,2026-04-29 00:01:22.257775+00,377,823310,2026-04-29,669369,Bryce Johnson,pending,,,,,,,,,,,,,,
278,2026-04-29 00:01:22.257775+00,374,823310,2026-04-29,664034,Ty France,pending,,,,,,,,,,,,,,
279,2026-04-29 00:01:22.257775+00,370,823310,2026-04-29,657656,Ramón Laureano,pending,,,,,,,,,,,,,,
280,2026-04-29 00:01:22.257775+00,362,823310,2026-04-29,694208,Moisés Ballesteros,pending,,,,,,,,,,,,,,
281,2026-04-29 00:01:22.257775+00,363,823310,2026-04-29,673548,Seiya Suzuki,pending,,,,,,,,,,,,,,
282,2026-04-29 00:01:22.257775+00,378,823310,2026-04-29,630105,Jake Cronenworth,pending,,,,,,,,,,,,,,
283,2026-04-29 00:01:22.257775+00,369,823310,2026-04-29,807713,Matt Shaw,pending,,,,,,,,,,,,,,
284,2026-04-29 00:01:22.257775+00,368,823310,2026-04-29,691718,Pete Crow-Armstrong,pending,,,,,,,,,,,,,,
285,2026-04-29 00:01:22.257775+00,371,823310,2026-04-29,665487,Fernando Tatis Jr.,pending,,,,,,,,,,,,,,
286,2026-04-29 00:01:22.257775+00,364,823310,2026-04-29,664023,Ian Happ,pending,,,,,,,,,,,,,,
287,2026-04-29 00:01:22.257775+00,372,823310,2026-04-29,701538,Jackson Merrill,pending,,,,,,,,,,,,,,
288,2026-04-29 00:01:22.257775+00,375,823310,2026-04-29,657757,Gavin Sheets,pending,,,,,,,,,,,,,,
289,2026-04-29 00:01:22.408687+00,310,823310,2026-04-29,664023,Ian Happ,pending,,,,,,,,,,,,,,
290,2026-04-29 00:01:22.408687+00,307,823310,2026-04-29,663538,Nico Hoerner,pending,,,,,,,,,,,,,,
291,2026-04-29 00:01:22.408687+00,321,823310,2026-04-29,657757,Gavin Sheets,pending,,,,,,,,,,,,,,
292,2026-04-29 00:01:22.408687+00,324,823310,2026-04-29,630105,Jake Cronenworth,pending,,,,,,,,,,,,,,
293,2026-04-29 00:01:22.408687+00,315,823310,2026-04-29,807713,Matt Shaw,pending,,,,,,,,,,,,,,
294,2026-04-29 00:01:22.408687+00,314,823310,2026-04-29,691718,Pete Crow-Armstrong,pending,,,,,,,,,,,,,,
295,2026-04-29 00:01:22.408687+00,320,823310,2026-04-29,664034,Ty France,pending,,,,,,,,,,,,,,
296,2026-04-29 00:01:22.408687+00,319,823310,2026-04-29,593428,Xander Bogaerts,pending,,,,,,,,,,,,,,
297,2026-04-29 00:01:22.408687+00,317,823310,2026-04-29,665487,Fernando Tatis Jr.,pending,,,,,,,,,,,,,,
298,2026-04-29 00:01:22.408687+00,318,823310,2026-04-29,701538,Jackson Merrill,pending,,,,,,,,,,,,,,
299,2026-04-29 00:01:22.408687+00,312,823310,2026-04-29,608348,Carson Kelly,pending,,,,,,,,,,,,,,
300,2026-04-29 00:01:22.408687+00,313,823310,2026-04-29,621020,Dansby Swanson,pending,,,,,,,,,,,,,,
301,2026-04-29 00:01:22.408687+00,309,823310,2026-04-29,673548,Seiya Suzuki,pending,,,,,,,,,,,,,,
302,2026-04-29 00:01:22.408687+00,316,823310,2026-04-29,657656,Ramón Laureano,pending,,,,,,,,,,,,,,
303,2026-04-29 00:01:22.408687+00,311,823310,2026-04-29,683737,Michael Busch,pending,,,,,,,,,,,,,,
304,2026-04-29 00:01:22.408687+00,323,823310,2026-04-29,669369,Bryce Johnson,pending,,,,,,,,,,,,,,
305,2026-04-29 00:01:22.408687+00,322,823310,2026-04-29,669134,Luis Campusano,pending,,,,,,,,,,,,,,
306,2026-04-29 00:01:22.408687+00,308,823310,2026-04-29,694208,Moisés Ballesteros,pending,,,,,,,,,,,,,,
307,2026-04-29 00:01:22.55623+00,218,825017,2026-04-29,677951,Bobby Witt Jr.,pending,,,,,,,,,,,,,,
308,2026-04-29 00:01:22.55623+00,230,825017,2026-04-29,687515,Colby Thomas,pending,,,,,,,,,,,,,,
309,2026-04-29 00:01:22.55623+00,228,825017,2026-04-29,701762,Nick Kurtz,pending,,,,,,,,,,,,,,
310,2026-04-29 00:01:22.55623+00,234,825017,2026-04-29,643446,Jeff McNeil,pending,,,,,,,,,,,,,,
311,2026-04-29 00:01:22.55623+00,233,825017,2026-04-29,687231,Darell Hernaiz,pending,,,,,,,,,,,,,,
312,2026-04-29 00:01:22.55623+00,226,825017,2026-04-29,805779,Jacob Wilson,pending,,,,,,,,,,,,,,
313,2026-04-29 00:01:22.55623+00,221,825017,2026-04-29,695506,Jac Caglianone,pending,,,,,,,,,,,,,,
314,2026-04-29 00:01:22.55623+00,232,825017,2026-04-29,680869,Zack Gelof,pending,,,,,,,,,,,,,,
315,2026-04-29 00:01:22.55623+00,224,825017,2026-04-29,679845,Nick Loftin,pending,,,,,,,,,,,,,,
316,2026-04-29 00:01:22.55623+00,219,825017,2026-04-29,686469,Vinnie Pasquantino,pending,,,,,,,,,,,,,,
317,2026-04-29 00:01:22.55623+00,227,825017,2026-04-29,669127,Shea Langeliers,pending,,,,,,,,,,,,,,
318,2026-04-29 00:01:22.55623+00,222,825017,2026-04-29,657041,Lane Thomas,pending,,,,,,,,,,,,,,
319,2026-04-29 00:01:22.55623+00,225,825017,2026-04-29,664728,Kyle Isbel,pending,,,,,,,,,,,,,,
320,2026-04-29 00:01:22.55623+00,229,825017,2026-04-29,667670,Brent Rooker,pending,,,,,,,,,,,,,,
321,2026-04-29 00:01:22.55623+00,220,825017,2026-04-29,521692,Salvador Perez,pending,,,,,,,,,,,,,,
322,2026-04-29 00:01:22.55623+00,223,825017,2026-04-29,686555,Isaac Collins,pending,,,,,,,,,,,,,,
323,2026-04-29 00:01:22.55623+00,231,825017,2026-04-29,691016,Tyler Soderstrom,pending,,,,,,,,,,,,,,
324,2026-04-29 00:01:22.55623+00,217,825017,2026-04-29,672580,Maikel Garcia,pending,,,,,,,,,,,,,,
325,2026-04-29 00:01:22.711255+00,264,825017,2026-04-29,701762,Nick Kurtz,pending,,,,,,,,,,,,,,
326,2026-04-29 00:01:22.711255+00,253,825017,2026-04-29,672580,Maikel Garcia,pending,,,,,,,,,,,,,,
327,2026-04-29 00:01:22.711255+00,270,825017,2026-04-29,643446,Jeff McNeil,pending,,,,,,,,,,,,,,
328,2026-04-29 00:01:22.711255+00,268,825017,2026-04-29,680869,Zack Gelof,pending,,,,,,,,,,,,,,
329,2026-04-29 00:01:22.711255+00,265,825017,2026-04-29,667670,Brent Rooker,pending,,,,,,,,,,,,,,
330,2026-04-29 00:01:22.711255+00,255,825017,2026-04-29,686469,Vinnie Pasquantino,pending,,,,,,,,,,,,,,
331,2026-04-29 00:01:22.711255+00,261,825017,2026-04-29,664728,Kyle Isbel,pending,,,,,,,,,,,,,,
332,2026-04-29 00:01:22.711255+00,254,825017,2026-04-29,677951,Bobby Witt Jr.,pending,,,,,,,,,,,,,,
333,2026-04-29 00:01:22.711255+00,258,825017,2026-04-29,657041,Lane Thomas,pending,,,,,,,,,,,,,,
334,2026-04-29 00:01:22.711255+00,256,825017,2026-04-29,521692,Salvador Perez,pending,,,,,,,,,,,,,,
335,2026-04-29 00:01:22.711255+00,266,825017,2026-04-29,687515,Colby Thomas,pending,,,,,,,,,,,,,,
336,2026-04-29 00:01:22.711255+00,262,825017,2026-04-29,805779,Jacob Wilson,pending,,,,,,,,,,,,,,
337,2026-04-29 00:01:22.711255+00,269,825017,2026-04-29,687231,Darell Hernaiz,pending,,,,,,,,,,,,,,
338,2026-04-29 00:01:22.711255+00,267,825017,2026-04-29,691016,Tyler Soderstrom,pending,,,,,,,,,,,,,,
339,2026-04-29 00:01:22.711255+00,257,825017,2026-04-29,695506,Jac Caglianone,pending,,,,,,,,,,,,,,
340,2026-04-29 00:01:22.711255+00,259,825017,2026-04-29,686555,Isaac Collins,pending,,,,,,,,,,,,,,
341,2026-04-29 00:01:22.711255+00,260,825017,2026-04-29,679845,Nick Loftin,pending,,,,,,,,,,,,,,
342,2026-04-29 00:01:22.711255+00,263,825017,2026-04-29,669127,Shea Langeliers,pending,,,,,,,,,,,,,,
343,2026-04-29 00:01:22.863565+00,292,825017,2026-04-29,521692,Salvador Perez,pending,,,,,,,,,,,,,,
344,2026-04-29 00:01:22.863565+00,295,825017,2026-04-29,686555,Isaac Collins,pending,,,,,,,,,,,,,,
345,2026-04-29 00:01:22.863565+00,296,825017,2026-04-29,679845,Nick Loftin,pending,,,,,,,,,,,,,,
346,2026-04-29 00:01:22.863565+00,297,825017,2026-04-29,664728,Kyle Isbel,pending,,,,,,,,,,,,,,
347,2026-04-29 00:01:22.863565+00,304,825017,2026-04-29,680869,Zack Gelof,pending,,,,,,,,,,,,,,
348,2026-04-29 00:01:22.863565+00,303,825017,2026-04-29,691016,Tyler Soderstrom,pending,,,,,,,,,,,,,,
349,2026-04-29 00:01:22.863565+00,293,825017,2026-04-29,695506,Jac Caglianone,pending,,,,,,,,,,,,,,
350,2026-04-29 00:01:22.863565+00,301,825017,2026-04-29,667670,Brent Rooker,pending,,,,,,,,,,,,,,
351,2026-04-29 00:01:22.863565+00,298,825017,2026-04-29,805779,Jacob Wilson,pending,,,,,,,,,,,,,,
352,2026-04-29 00:01:22.863565+00,289,825017,2026-04-29,672580,Maikel Garcia,pending,,,,,,,,,,,,,,
353,2026-04-29 00:01:22.863565+00,300,825017,2026-04-29,701762,Nick Kurtz,pending,,,,,,,,,,,,,,
354,2026-04-29 00:01:22.863565+00,305,825017,2026-04-29,687231,Darell Hernaiz,pending,,,,,,,,,,,,,,
355,2026-04-29 00:01:22.863565+00,299,825017,2026-04-29,669127,Shea Langeliers,pending,,,,,,,,,,,,,,
356,2026-04-29 00:01:22.863565+00,302,825017,2026-04-29,687515,Colby Thomas,pending,,,,,,,,,,,,,,
357,2026-04-29 00:01:22.863565+00,294,825017,2026-04-29,657041,Lane Thomas,pending,,,,,,,,,,,,,,
358,2026-04-29 00:01:22.863565+00,290,825017,2026-04-29,677951,Bobby Witt Jr.,pending,,,,,,,,,,,,,,
359,2026-04-29 00:01:22.863565+00,291,825017,2026-04-29,686469,Vinnie Pasquantino,pending,,,,,,,,,,,,,,
360,2026-04-29 00:01:22.863565+00,306,825017,2026-04-29,643446,Jeff McNeil,pending,,,,,,,,,,,,,,
361,2026-04-29 00:01:23.022107+00,359,825017,2026-04-29,687231,Darell Hernaiz,pending,,,,,,,,,,,,,,
362,2026-04-29 00:01:23.022107+00,357,825017,2026-04-29,691016,Tyler Soderstrom,pending,,,,,,,,,,,,,,
363,2026-04-29 00:01:23.022107+00,343,825017,2026-04-29,672580,Maikel Garcia,pending,,,,,,,,,,,,,,
364,2026-04-29 00:01:23.022107+00,346,825017,2026-04-29,521692,Salvador Perez,pending,,,,,,,,,,,,,,
365,2026-04-29 00:01:23.022107+00,355,825017,2026-04-29,667670,Brent Rooker,pending,,,,,,,,,,,,,,
366,2026-04-29 00:01:23.022107+00,348,825017,2026-04-29,657041,Lane Thomas,pending,,,,,,,,,,,,,,
367,2026-04-29 00:01:23.022107+00,358,825017,2026-04-29,680869,Zack Gelof,pending,,,,,,,,,,,,,,
368,2026-04-29 00:01:23.022107+00,353,825017,2026-04-29,669127,Shea Langeliers,pending,,,,,,,,,,,,,,
369,2026-04-29 00:01:23.022107+00,356,825017,2026-04-29,687515,Colby Thomas,pending,,,,,,,,,,,,,,
370,2026-04-29 00:01:23.022107+00,349,825017,2026-04-29,686555,Isaac Collins,pending,,,,,,,,,,,,,,
371,2026-04-29 00:01:23.022107+00,351,825017,2026-04-29,664728,Kyle Isbel,pending,,,,,,,,,,,,,,
372,2026-04-29 00:01:23.022107+00,352,825017,2026-04-29,805779,Jacob Wilson,pending,,,,,,,,,,,,,,
373,2026-04-29 00:01:23.022107+00,350,825017,2026-04-29,679845,Nick Loftin,pending,,,,,,,,,,,,,,
374,2026-04-29 00:01:23.022107+00,354,825017,2026-04-29,701762,Nick Kurtz,pending,,,,,,,,,,,,,,
375,2026-04-29 00:01:23.022107+00,347,825017,2026-04-29,695506,Jac Caglianone,pending,,,,,,,,,,,,,,
376,2026-04-29 00:01:23.022107+00,360,825017,2026-04-29,643446,Jeff McNeil,pending,,,,,,,,,,,,,,
377,2026-04-29 00:01:23.022107+00,344,825017,2026-04-29,677951,Bobby Witt Jr.,pending,,,,,,,,,,,,,,
378,2026-04-29 00:01:23.022107+00,345,825017,2026-04-29,686469,Vinnie Pasquantino,pending,,,,,,,,,,,,,,
379,2026-04-29 15:01:04.464885+00,577,822823,2026-04-28,680776,Jarren Duran,final,4,4,0,0,0,0,0,0,0,false,false,false,false,false
380,2026-04-29 15:01:04.464885+00,594,822823,2026-04-28,665926,Andrés Giménez,final,3,3,1,0,0,0,0,0,1,true,false,false,false,false
381,2026-04-29 15:01:04.464885+00,582,822823,2026-04-28,807799,Masataka Yoshida,final,3,3,1,0,0,0,0,0,1,true,false,false,false,false
382,2026-04-29 15:01:04.464885+00,588,822823,2026-04-28,665489,Vladimir Guerrero Jr.,final,4,3,2,1,0,0,1,0,3,true,true,false,true,false
383,2026-04-29 15:01:04.464885+00,590,822823,2026-04-28,662139,Daulton Varsho,final,4,4,1,0,0,0,0,0,1,true,false,false,false,false
384,2026-04-29 15:01:04.464885+00,579,822823,2026-04-28,701350,Roman Anthony,final,4,4,0,0,0,0,0,0,0,false,false,false,false,false
385,2026-04-29 15:01:04.464885+00,578,822823,2026-04-28,575929,Willson Contreras,final,4,4,1,1,0,0,0,0,2,true,true,false,false,false
386,2026-04-29 15:01:04.464885+00,593,822823,2026-04-28,623168,Tyler Heineman,final,3,3,0,0,0,0,0,0,0,false,false,false,false,false
387,2026-04-29 15:01:04.464885+00,581,822823,2026-04-28,596115,Trevor Story,final,4,4,1,0,0,0,0,0,1,true,false,false,false,false
388,2026-04-29 15:01:04.464885+00,589,822823,2026-04-28,672960,Kazuma Okamoto,final,4,4,1,0,0,0,2,0,1,true,false,false,true,false
389,2026-04-29 15:01:04.464885+00,585,822823,2026-04-28,702332,Caleb Durbin,final,3,3,0,0,0,0,0,0,0,false,false,false,false,false
390,2026-04-29 15:01:04.464885+00,587,822823,2026-04-28,676391,Ernie Clement,final,4,2,0,0,0,0,0,0,0,false,false,false,false,false
391,2026-04-29 15:01:04.464885+00,586,822823,2026-04-28,664702,Myles Straw,final,4,3,1,0,0,0,0,0,1,true,false,false,false,false
392,2026-04-29 15:01:04.464885+00,591,822823,2026-04-28,660821,Jesús Sánchez,final,1,1,0,0,0,0,0,0,0,false,false,false,false,false
393,2026-04-29 15:01:04.464885+00,580,822823,2026-04-28,677800,Wilyer Abreu,final,4,3,0,0,0,0,0,0,0,false,false,false,false,false
394,2026-04-29 15:01:04.464885+00,583,822823,2026-04-28,665966,Carlos Narváez,final,3,3,0,0,0,0,0,0,0,false,false,false,false,false
395,2026-04-29 15:01:04.464885+00,584,822823,2026-04-28,691785,Marcelo Mayer,final,3,3,1,0,0,0,0,0,1,true,false,false,false,false
396,2026-04-29 15:01:04.464885+00,592,822823,2026-04-28,676914,Davis Schneider,final,4,2,0,0,0,0,0,0,0,false,false,false,false,false
397,2026-04-29 15:01:06.558036+00,399,823390,2026-04-28,676475,Alec Burleson,final,5,4,2,2,0,0,3,0,4,true,true,false,true,false
398,2026-04-29 15:01:06.558036+00,397,823390,2026-04-28,802139,JJ Wetherholt,final,5,3,1,1,0,0,0,0,2,true,true,false,false,false
399,2026-04-29 15:01:06.558036+00,405,823390,2026-04-28,687363,Victor Scott II,final,5,5,1,0,0,1,1,0,4,true,true,true,true,false
400,2026-04-29 15:01:06.558036+00,414,823390,2026-04-28,680779,Henry Davis,final,3,3,0,0,0,0,0,0,0,false,false,false,false,false
401,2026-04-29 15:01:06.558036+00,408,823390,2026-04-28,668804,Bryan Reynolds,final,4,3,2,0,0,0,0,0,2,true,true,false,false,false
402,2026-04-29 15:01:06.558036+00,413,823390,2026-04-28,663968,Jake Mangum,final,4,4,1,0,0,0,0,1,1,true,false,false,false,true
403,2026-04-29 15:01:06.558036+00,400,823390,2026-04-28,691023,Jordan Walker,final,5,4,2,0,0,0,3,1,2,true,true,false,true,true
404,2026-04-29 15:01:06.558036+00,412,823390,2026-04-28,804606,Konnor Griffin,final,4,4,2,0,0,1,1,0,5,true,true,true,true,false
405,2026-04-29 15:01:06.558036+00,404,823390,2026-04-28,686780,Pedro Pagés,final,5,5,1,0,0,0,0,0,1,true,false,false,false,false
406,2026-04-29 15:01:06.558036+00,401,823390,2026-04-28,669357,Nolan Gorman,final,5,4,1,0,0,1,3,0,4,true,true,true,true,false
407,2026-04-29 15:01:06.558036+00,398,823390,2026-04-28,671056,Iván Herrera,final,5,2,1,1,0,0,0,1,2,true,true,false,false,true
408,2026-04-29 15:01:06.558036+00,403,823390,2026-04-28,701675,Nathan Church,final,5,5,1,0,0,0,0,0,1,true,false,false,false,false
409,2026-04-29 15:01:06.558036+00,409,823390,2026-04-28,656811,Ryan O'Hearn,final,4,4,2,0,0,1,3,0,5,true,true,true,true,false
410,2026-04-29 15:01:06.558036+00,406,823390,2026-04-28,665833,Oneil Cruz,final,5,5,2,0,0,1,1,0,5,true,true,true,true,false
411,2026-04-29 15:01:06.558036+00,402,823390,2026-04-28,691026,Masyn Winn,final,5,5,2,0,0,0,1,0,2,true,true,false,true,false
412,2026-04-29 15:01:06.558036+00,410,823390,2026-04-28,693304,Nick Gonzales,final,4,4,2,0,0,0,2,0,2,true,true,false,true,false
413,2026-04-29 15:01:06.558036+00,407,823390,2026-04-28,694377,Nick Yorke,final,1,1,0,0,0,0,0,0,0,false,false,false,false,false
414,2026-04-29 15:01:06.558036+00,411,823390,2026-04-28,687462,Spencer Horwitz,final,4,4,1,0,0,0,0,0,1,true,false,false,false,false
415,2026-04-29 15:01:08.642563+00,601,823636,2026-04-28,678391,Jorbit Vivas,final,3,3,1,0,0,0,0,0,1,true,false,false,false,false
416,2026-04-29 15:01:08.642563+00,606,823636,2026-04-28,682626,Francisco Alvarez,final,4,4,0,0,0,0,0,0,0,false,false,false,false,false
417,2026-04-29 15:01:08.642563+00,599,823636,2026-04-28,695734,Daylen Lile,final,4,4,0,0,0,0,0,0,0,false,false,false,false,false
418,2026-04-29 15:01:08.642563+00,595,823636,2026-04-28,695578,James Wood,final,4,3,0,0,0,0,0,0,0,false,false,false,false,false
419,2026-04-29 15:01:08.642563+00,596,823636,2026-04-28,671277,Luis García Jr.,final,4,4,0,0,0,0,0,0,0,false,false,false,false,false
420,2026-04-29 15:01:08.642563+00,610,823636,2026-04-28,543760,Marcus Semien,final,4,3,0,0,0,0,1,0,0,false,false,false,true,false
421,2026-04-29 15:01:08.642563+00,609,823636,2026-04-28,683146,Brett Baty,final,4,3,0,0,0,0,0,0,0,false,false,false,false,false
422,2026-04-29 15:01:08.642563+00,600,823636,2026-04-28,696285,Jacob Young,final,3,3,0,0,0,0,0,0,0,false,false,false,false,false
423,2026-04-29 15:01:08.642563+00,603,823636,2026-04-28,683083,Nasim Nuñez,final,3,2,0,0,0,0,0,0,0,false,false,false,false,false
424,2026-04-29 15:01:08.642563+00,605,823636,2026-04-28,665742,Juan Soto,final,4,4,1,0,0,1,2,0,4,true,true,true,true,false
425,2026-04-29 15:01:08.642563+00,604,823636,2026-04-28,666182,Bo Bichette,final,4,2,1,0,0,1,2,0,4,true,true,true,true,false
426,2026-04-29 15:01:08.642563+00,607,823636,2026-04-28,621438,Tyrone Taylor,final,1,1,0,0,0,0,0,0,0,false,false,false,false,false
427,2026-04-29 15:01:08.642563+00,608,823636,2026-04-28,668901,Mark Vientos,final,4,2,0,0,0,0,0,0,0,false,false,false,false,false
428,2026-04-29 15:01:08.642563+00,611,823636,2026-04-28,701807,Carson Benge,final,4,4,2,0,0,0,2,0,2,true,true,false,true,false
429,2026-04-29 15:01:08.642563+00,597,823636,2026-04-28,691781,Brady House,final,4,4,0,0,0,0,0,0,0,false,false,false,false,false
430,2026-04-29 15:01:08.642563+00,598,823636,2026-04-28,682928,CJ Abrams,final,4,4,1,0,0,0,0,0,1,true,false,false,false,false
431,2026-04-29 15:01:08.642563+00,602,823636,2026-04-28,686452,Drew Millas,final,3,3,1,0,0,0,0,0,1,true,false,false,false,false
432,2026-04-29 15:01:08.642563+00,612,823636,2026-04-28,677595,Ronny Mauricio,final,4,4,1,0,0,0,0,0,1,true,false,false,false,false
433,2026-04-29 15:01:10.728986+00,647,823716,2026-04-28,656484,Tristan Gray,final,4,4,0,0,0,0,0,0,0,false,false,false,false,false
434,2026-04-29 15:01:10.728986+00,640,823716,2026-04-28,621439,Byron Buxton,final,5,5,2,0,0,1,1,1,5,true,true,true,true,true
435,2026-04-29 15:01:10.728986+00,633,823716,2026-04-28,677594,Julio Rodríguez,final,5,5,3,3,0,0,2,0,6,true,true,false,true,false
436,2026-04-29 15:01:10.728986+00,644,823716,2026-04-28,665019,Kody Clemens,final,4,3,0,0,0,0,0,0,0,false,false,false,false,false
437,2026-04-29 15:01:10.728986+00,636,823716,2026-04-28,670042,Luke Raley,final,4,4,0,0,0,0,0,0,0,false,false,false,false,false
438,2026-04-29 15:01:10.728986+00,631,823716,2026-04-28,641487,J.P. Crawford,final,5,4,1,0,0,0,0,1,1,true,false,false,false,true
439,2026-04-29 15:01:10.728986+00,642,823716,2026-04-28,668885,Austin Martin,final,4,4,1,0,0,0,0,1,1,true,false,false,false,true
440,2026-04-29 15:01:10.728986+00,643,823716,2026-04-28,605137,Josh Bell,final,4,4,1,0,0,0,0,0,1,true,false,false,false,false
441,2026-04-29 15:01:10.728986+00,635,823716,2026-04-28,668227,Randy Arozarena,final,4,3,2,1,1,0,0,0,5,true,true,false,false,false
442,2026-04-29 15:01:10.728986+00,637,823716,2026-04-28,686527,Dominic Canzone,final,2,2,0,0,0,0,0,0,0,false,false,false,false,false
443,2026-04-29 15:01:10.728986+00,638,823716,2026-04-28,702284,Cole Young,final,4,4,3,0,0,0,1,0,3,true,true,false,true,false
444,2026-04-29 15:01:10.728986+00,646,823716,2026-04-28,807712,Luke Keaschall,final,4,3,1,0,0,0,0,1,1,true,false,false,false,true
445,2026-04-29 15:01:10.728986+00,632,823716,2026-04-28,663728,Cal Raleigh,final,5,5,0,0,0,0,0,0,0,false,false,false,false,false
446,2026-04-29 15:01:10.728986+00,641,823716,2026-04-28,663616,Trevor Larnach,final,4,4,1,1,0,0,0,0,2,true,true,false,false,false
447,2026-04-29 15:01:10.728986+00,639,823716,2026-04-28,660844,Leo Rivas,final,4,3,0,0,0,0,0,0,0,false,false,false,false,false
448,2026-04-29 15:01:10.728986+00,648,823716,2026-04-28,668904,Royce Lewis,final,4,4,1,0,0,0,0,0,1,true,false,false,false,false
449,2026-04-29 15:01:10.728986+00,645,823716,2026-04-28,605170,Victor Caratini,final,4,4,0,0,0,0,0,0,0,false,false,false,false,false
450,2026-04-29 15:01:10.728986+00,634,823716,2026-04-28,647304,Josh Naylor,final,5,5,3,0,0,1,4,0,6,true,true,true,true,false
451,2026-04-29 15:01:12.81903+00,681,823798,2026-04-28,663604,Brandon Lockridge,final,5,4,0,0,0,0,0,0,0,false,false,false,false,false
452,2026-04-29 15:01:12.81903+00,667,823798,2026-04-28,545121,Ildemaro Vargas,final,4,2,1,0,0,0,0,0,1,true,false,false,false,false
453,2026-04-29 15:01:12.81903+00,684,823798,2026-04-28,687401,Joey Ortiz,final,4,4,2,0,0,0,2,0,2,true,true,false,true,false
454,2026-04-29 15:01:12.81903+00,674,823798,2026-04-28,677950,Alek Thomas,final,3,3,0,0,0,0,0,0,0,false,false,false,false,false
455,2026-04-29 15:01:12.81903+00,672,823798,2026-04-28,699912,Jose Fernandez,final,4,3,0,0,0,0,0,0,0,false,false,false,false,false
456,2026-04-29 15:01:12.81903+00,673,823798,2026-04-28,571448,Nolan Arenado,final,2,1,0,0,0,0,0,0,0,false,false,false,false,false
457,2026-04-29 15:01:12.81903+00,679,823798,2026-04-28,672012,Tyler Black,final,5,5,3,0,0,0,3,0,3,true,true,false,true,false
458,2026-04-29 15:01:12.81903+00,683,823798,2026-04-28,666152,David Hamilton,final,5,5,2,1,0,0,2,0,3,true,true,false,true,false
459,2026-04-29 15:01:12.81903+00,669,823798,2026-04-28,682998,Corbin Carroll,final,3,3,0,0,0,0,0,0,0,false,false,false,false,false
460,2026-04-29 15:01:12.81903+00,675,823798,2026-04-28,543510,James McCann,final,3,3,1,0,0,0,2,0,1,true,false,false,true,false
461,2026-04-29 15:01:12.81903+00,670,823798,2026-04-28,666971,Lourdes Gurriel Jr.,final,4,4,0,0,0,0,0,0,0,false,false,false,false,false
462,2026-04-29 15:01:12.81903+00,676,823798,2026-04-28,669003,Garrett Mitchell,final,5,4,1,0,0,0,1,0,1,true,false,false,true,false
463,2026-04-29 15:01:12.81903+00,680,823798,2026-04-28,641343,Jake Bauers,final,5,4,1,0,0,0,2,0,1,true,false,false,true,false
464,2026-04-29 15:01:12.81903+00,678,823798,2026-04-28,668930,Brice Turang,final,4,3,2,1,0,0,0,0,3,true,true,false,false,false
465,2026-04-29 15:01:12.81903+00,677,823798,2026-04-28,661388,William Contreras,final,5,4,2,0,0,0,2,0,2,true,true,false,true,false
466,2026-04-29 15:01:12.81903+00,682,823798,2026-04-28,686217,Sal Frelick,final,4,2,2,0,0,1,1,0,5,true,true,true,true,false
467,2026-04-29 15:01:12.81903+00,671,823798,2026-04-28,680728,Adrian Del Castillo,final,4,2,0,0,0,0,0,0,0,false,false,false,false,false
468,2026-04-29 15:01:12.81903+00,668,823798,2026-04-28,606466,Ketel Marte,final,3,3,0,0,0,0,0,0,0,false,false,false,false,false
469,2026-04-29 15:01:14.907087+00,664,824610,2026-04-28,671976,Tristan Peters,final,2,2,0,0,0,0,0,0,0,false,false,false,false,false
470,2026-04-29 15:01:14.907087+00,665,824610,2026-04-28,691011,Drew Romo,final,4,3,2,0,0,2,3,0,8,true,true,true,true,false
471,2026-04-29 15:01:14.907087+00,662,824610,2026-04-28,669720,Austin Hays,final,2,2,0,0,0,0,0,0,0,false,false,false,false,false
472,2026-04-29 15:01:14.907087+00,655,824610,2026-04-28,666139,Josh Lowe,final,4,4,1,0,0,1,1,0,4,true,true,true,true,false
473,2026-04-29 15:01:14.907087+00,651,824610,2026-04-28,660162,Yoán Moncada,final,3,3,0,0,0,0,0,0,0,false,false,false,false,false
474,2026-04-29 15:01:14.907087+00,661,824610,2026-04-28,695657,Colson Montgomery,final,4,4,2,0,0,1,1,0,5,true,true,true,true,false
475,2026-04-29 15:01:14.907087+00,656,824610,2026-04-28,665861,Sebastián Rivero,final,4,4,2,0,0,0,0,0,2,true,true,false,false,false
476,2026-04-29 15:01:14.907087+00,653,824610,2026-04-28,694384,Nolan Schanuel,final,4,4,2,1,0,0,0,0,3,true,true,false,false,false
477,2026-04-29 15:01:14.907087+00,654,824610,2026-04-28,666176,Jo Adell,final,4,4,1,0,0,0,1,0,1,true,false,false,true,false
478,2026-04-29 15:01:14.907087+00,652,824610,2026-04-28,624585,Jorge Soler,final,4,3,1,0,0,0,0,0,1,true,false,false,false,false
479,2026-04-29 15:01:14.907087+00,660,824610,2026-04-28,678246,Miguel Vargas,final,4,2,1,0,0,0,0,0,1,true,false,false,false,false
480,2026-04-29 15:01:14.907087+00,658,824610,2026-04-28,643217,Andrew Benintendi,final,4,3,1,0,0,0,0,0,1,true,false,false,false,false
481,2026-04-29 15:01:14.907087+00,663,824610,2026-04-28,803011,Sam Antonacci,final,4,3,1,0,0,0,1,0,1,true,false,false,true,false
482,2026-04-29 15:01:14.907087+00,650,824610,2026-04-28,545361,Mike Trout,final,5,2,1,0,0,0,0,1,1,true,false,false,false,true
483,2026-04-29 15:01:14.907087+00,666,824610,2026-04-28,682668,Luisangel Acuña,final,4,3,1,0,0,0,0,0,1,true,false,false,false,false
484,2026-04-29 15:01:14.907087+00,649,824610,2026-04-28,687263,Zach Neto,final,5,5,1,0,0,0,0,1,1,true,false,false,false,true
485,2026-04-29 15:01:14.907087+00,659,824610,2026-04-28,808959,Munetaka Murakami,final,5,5,1,0,0,0,0,0,1,true,false,false,false,false
486,2026-04-29 15:01:14.907087+00,657,824610,2026-04-28,672724,Oswald Peraza,final,2,2,0,0,0,0,0,0,0,false,false,false,false,false
487,2026-04-29 15:01:16.988456+00,630,824931,2026-04-28,573262,Mike Yastrzemski,final,3,3,2,1,0,0,1,0,3,true,true,false,true,false
488,2026-04-29 15:01:16.988456+00,620,824931,2026-04-28,690993,Colt Keith,final,2,2,1,0,0,0,0,0,1,true,false,false,false,false
489,2026-04-29 15:01:16.988456+00,614,824931,2026-04-28,650402,Gleyber Torres,final,5,3,0,0,0,0,0,0,0,false,false,false,false,false
490,2026-04-29 15:01:16.988456+00,617,824931,2026-04-28,693307,Dillon Dingler,final,4,3,2,1,0,0,0,0,3,true,true,false,false,false
491,2026-04-29 15:01:16.988456+00,629,824931,2026-04-28,643289,Mauricio Dubón,final,4,4,1,1,0,0,0,0,2,true,true,false,false,false
492,2026-04-29 15:01:16.988456+00,624,824931,2026-04-28,621566,Matt Olson,final,4,2,1,1,0,0,1,0,2,true,true,false,true,false
493,2026-04-29 15:01:16.988456+00,626,824931,2026-04-28,671739,Michael Harris II,final,4,4,1,0,0,0,0,0,1,true,false,false,false,false
494,2026-04-29 15:01:16.988456+00,627,824931,2026-04-28,663586,Austin Riley,final,4,4,0,0,0,0,0,0,0,false,false,false,false,false
495,2026-04-29 15:01:16.988456+00,625,824931,2026-04-28,645277,Ozzie Albies,final,4,3,1,0,0,1,2,0,4,true,true,true,true,false
496,2026-04-29 15:01:16.988456+00,622,824931,2026-04-28,660670,Ronald Acuña Jr.,final,4,4,2,2,0,0,1,0,4,true,true,false,true,false
497,2026-04-29 15:01:16.988456+00,623,824931,2026-04-28,686948,Drake Baldwin,final,4,4,0,0,0,0,0,0,0,false,false,false,false,false
498,2026-04-29 15:01:16.988456+00,628,824931,2026-04-28,571657,Kyle Farmer,final,3,3,1,0,0,0,0,0,1,true,false,false,false,false
499,2026-04-29 15:01:16.988456+00,621,824931,2026-04-28,672761,Wenceel Pérez,final,2,2,1,0,0,1,2,0,4,true,true,true,true,false
500,2026-04-29 15:01:16.988456+00,613,824931,2026-04-28,681481,Kerry Carpenter,final,2,2,0,0,0,0,0,0,0,false,false,false,false,false
501,2026-04-29 15:01:16.988456+00,619,824931,2026-04-28,679529,Spencer Torkelson,final,4,3,0,0,0,0,0,0,0,false,false,false,false,false
502,2026-04-29 15:01:16.988456+00,618,824931,2026-04-28,682985,Riley Greene,final,4,3,0,0,0,0,0,0,0,false,false,false,false,false
503,2026-04-29 15:01:16.988456+00,616,824931,2026-04-28,663837,Matt Vierling,final,4,4,0,0,0,0,0,0,0,false,false,false,false,false
504,2026-04-29 15:01:16.988456+00,615,824931,2026-04-28,805808,Kevin McGonigle,final,4,4,1,0,0,0,0,0,1,true,false,false,false,false
505,2026-04-30 00:02:50.357291+00,866,822821,2026-04-29,575929,Willson Contreras,final,4,4,2,0,0,1,1,0,5,true,true,true,true,false
506,2026-04-30 00:02:50.357291+00,872,822821,2026-04-29,643396,Isiah Kiner-Falefa,final,2,2,1,0,0,0,0,0,1,true,false,false,false,false
507,2026-04-30 00:02:50.357291+00,882,822821,2026-04-29,678218,Brandon Valenzuela,final,4,3,2,0,0,1,1,0,5,true,true,true,true,false
508,2026-04-30 00:02:50.357291+00,868,822821,2026-04-29,678882,Ceddanne Rafaela,final,4,4,0,0,0,0,0,0,0,false,false,false,false,false
509,2026-04-30 00:02:50.357291+00,880,822821,2026-04-29,664702,Myles Straw,final,4,3,0,0,0,0,1,0,0,false,false,false,true,false
510,2026-04-30 00:02:50.357291+00,879,822821,2026-04-29,682818,Yohendrick Pinango,final,2,2,1,0,0,0,1,0,1,true,false,false,true,false
511,2026-04-30 00:02:50.357291+00,869,822821,2026-04-29,596115,Trevor Story,final,4,3,1,1,0,0,0,0,2,true,true,false,false,false
512,2026-04-30 00:02:50.357291+00,875,822821,2026-04-29,660821,Jesús Sánchez,final,4,4,1,0,0,0,0,0,1,true,false,false,false,false
513,2026-04-30 00:02:50.357291+00,865,822821,2026-04-29,701350,Roman Anthony,final,5,5,1,0,0,0,0,0,1,true,false,false,false,false
514,2026-04-30 00:02:50.357291+00,881,822821,2026-04-29,665926,Andrés Giménez,final,4,4,0,0,0,0,0,0,0,false,false,false,false,false
515,2026-04-30 00:02:50.357291+00,877,822821,2026-04-29,672960,Kazuma Okamoto,final,4,4,1,0,0,0,2,0,1,true,false,false,true,false
516,2026-04-30 00:02:50.357291+00,876,822821,2026-04-29,665489,Vladimir Guerrero Jr.,final,4,3,3,0,0,0,0,0,3,true,true,false,false,false
517,2026-04-30 00:02:50.357291+00,871,822821,2026-04-29,657136,Connor Wong,final,4,4,0,0,0,0,0,0,0,false,false,false,false,false
518,2026-04-30 00:02:50.357291+00,870,822821,2026-04-29,655316,Andruw Monasterio,final,3,3,0,0,0,0,0,0,0,false,false,false,false,false
519,2026-04-30 00:02:50.357291+00,873,822821,2026-04-29,702332,Caleb Durbin,final,4,4,1,0,0,0,0,0,1,true,false,false,false,false
520,2026-04-30 00:02:50.357291+00,878,822821,2026-04-29,662139,Daulton Varsho,final,4,2,0,0,0,0,0,0,0,false,false,false,false,false
521,2026-04-30 00:02:50.357291+00,867,822821,2026-04-29,677800,Wilyer Abreu,final,4,3,2,0,0,0,0,1,2,true,true,false,false,true
522,2026-04-30 00:02:50.357291+00,874,822821,2026-04-29,676391,Ernie Clement,final,5,5,1,0,0,1,2,0,4,true,true,true,true,false
523,2026-04-30 00:02:52.462238+00,850,822907,2026-04-29,641355,Cody Bellinger,final,4,4,1,0,0,0,0,0,1,true,false,false,false,false
524,2026-04-30 00:02:52.462238+00,856,822907,2026-04-29,607043,Brandon Nimmo,final,3,2,1,0,0,0,0,0,1,true,false,false,false,false
525,2026-04-30 00:02:52.462238+00,852,822907,2026-04-29,691176,Jasson Domínguez,final,2,1,0,0,0,0,0,0,0,false,false,false,false,false
526,2026-04-30 00:02:52.462238+00,847,822907,2026-04-29,663757,Trent Grisham,final,4,4,0,0,0,0,0,0,0,false,false,false,false,false
527,2026-04-30 00:02:52.462238+00,861,822907,2026-04-29,694497,Evan Carter,final,4,4,0,0,0,0,0,0,0,false,false,false,false,false
528,2026-04-30 00:02:52.462238+00,848,822907,2026-04-29,700250,Ben Rice,final,4,4,3,0,0,0,0,0,3,true,true,false,false,false
529,2026-04-30 00:02:52.462238+00,853,822907,2026-04-29,641555,J.C. Escarra,final,3,3,0,0,0,0,0,0,0,false,false,false,false,false
530,2026-04-30 00:02:52.462238+00,851,822907,2026-04-29,665862,Jazz Chisholm Jr.,final,4,4,0,0,0,0,0,0,0,false,false,false,false,false
531,2026-04-30 00:02:52.462238+00,863,822907,2026-04-29,696030,Alejandro Osuna,final,3,1,0,0,0,0,0,0,0,false,false,false,false,false
532,2026-04-30 00:02:52.462238+00,855,822907,2026-04-29,676609,José Caballero,final,3,3,1,0,0,0,0,0,1,true,false,false,false,false
533,2026-04-30 00:02:52.462238+00,849,822907,2026-04-29,592450,Aaron Judge,final,4,4,0,0,0,0,0,0,0,false,false,false,false,false
534,2026-04-30 00:02:52.462238+00,862,822907,2026-04-29,543309,Kyle Higashioka,final,4,4,1,0,0,0,0,0,1,true,false,false,false,false
535,2026-04-30 00:02:52.462238+00,858,822907,2026-04-29,608369,Corey Seager,final,4,3,0,0,0,0,0,0,0,false,false,false,false,false
536,2026-04-30 00:02:52.462238+00,854,822907,2026-04-29,641857,Ryan McMahon,final,3,3,0,0,0,0,0,0,0,false,false,false,false,false
537,2026-04-30 00:02:52.462238+00,857,822907,2026-04-29,673962,Josh Jung,final,4,4,1,0,0,0,2,0,1,true,false,false,true,false
538,2026-04-30 00:02:52.462238+00,860,822907,2026-04-29,669394,Jake Burger,final,4,4,0,0,0,0,0,0,0,false,false,false,false,false
539,2026-04-30 00:02:52.462238+00,864,822907,2026-04-29,677649,Ezequiel Duran,final,3,2,2,1,0,0,0,0,3,true,true,false,false,false
540,2026-04-30 00:02:52.462238+00,859,822907,2026-04-29,592626,Joc Pederson,final,4,4,1,0,0,0,0,0,1,true,false,false,false,false
541,2026-04-30 00:02:54.554636+00,700,822908,2026-04-29,669701,Josh Smith,final,4,4,0,0,0,0,0,0,0,false,false,false,false,false
542,2026-04-30 00:02:54.554636+00,686,822908,2026-04-29,700250,Ben Rice,final,4,4,0,0,0,0,0,0,0,false,false,false,false,false
543,2026-04-30 00:02:54.554636+00,696,822908,2026-04-29,608369,Corey Seager,final,5,4,1,1,0,0,0,0,2,true,true,false,false,false
544,2026-04-30 00:02:54.554636+00,689,822908,2026-04-29,665862,Jazz Chisholm Jr.,final,4,4,0,0,0,0,0,0,0,false,false,false,false,false
545,2026-04-30 00:02:54.554636+00,687,822908,2026-04-29,592450,Aaron Judge,final,4,4,2,0,0,1,1,0,5,true,true,true,true,false
546,2026-04-30 00:02:54.554636+00,695,822908,2026-04-29,673962,Josh Jung,final,5,4,2,0,0,0,1,0,2,true,true,false,true,false
547,2026-04-30 00:02:54.554636+00,690,822908,2026-04-29,691176,Jasson Domínguez,final,4,4,0,0,0,0,0,0,0,false,false,false,false,false
548,2026-04-30 00:02:54.554636+00,694,822908,2026-04-29,607043,Brandon Nimmo,final,5,4,2,0,0,0,0,0,2,true,true,false,false,false
549,2026-04-30 00:02:54.554636+00,701,822908,2026-04-29,696030,Alejandro Osuna,final,2,1,0,0,0,0,0,0,0,false,false,false,false,false
550,2026-04-30 00:02:54.554636+00,692,822908,2026-04-29,641857,Ryan McMahon,final,3,3,0,0,0,0,0,0,0,false,false,false,false,false
551,2026-04-30 00:02:54.554636+00,685,822908,2026-04-29,663757,Trent Grisham,final,4,4,0,0,0,0,0,0,0,false,false,false,false,false
552,2026-04-30 00:02:54.554636+00,693,822908,2026-04-29,676609,José Caballero,final,3,3,0,0,0,0,0,1,0,false,false,false,false,true
553,2026-04-30 00:02:54.554636+00,699,822908,2026-04-29,694497,Evan Carter,final,2,2,0,0,0,0,0,0,0,false,false,false,false,false
554,2026-04-30 00:02:54.554636+00,697,822908,2026-04-29,592626,Joc Pederson,final,4,4,0,0,0,0,0,0,0,false,false,false,false,false
555,2026-04-30 00:02:54.554636+00,691,822908,2026-04-29,669224,Austin Wells,final,3,3,2,0,0,1,1,0,5,true,true,true,true,false
556,2026-04-30 00:02:54.554636+00,702,822908,2026-04-29,643376,Danny Jansen,final,4,3,1,0,1,0,1,0,3,true,true,false,true,false
557,2026-04-30 00:02:54.554636+00,688,822908,2026-04-29,641355,Cody Bellinger,final,4,4,1,1,0,0,1,0,2,true,true,false,true,false
558,2026-04-30 00:02:54.554636+00,698,822908,2026-04-29,669394,Jake Burger,final,4,4,0,0,0,0,0,0,0,false,false,false,false,false
559,2026-04-30 00:02:57.887356+00,957,823312,2026-04-29,608324,Alex Bregman,final,5,3,1,0,0,0,0,0,1,true,false,false,false,false
560,2026-04-30 00:02:57.887356+00,969,823312,2026-04-29,609280,Miguel Andujar,final,3,3,1,0,0,1,1,0,4,true,true,true,true,false
561,2026-04-30 00:02:57.887356+00,958,823312,2026-04-29,664023,Ian Happ,final,5,4,1,1,0,0,0,0,2,true,true,false,false,false
562,2026-04-30 00:02:57.887356+00,956,823312,2026-04-29,694208,Moisés Ballesteros,final,5,5,0,0,0,0,0,0,0,false,false,false,false,false
563,2026-04-30 00:02:57.887356+00,970,823312,2026-04-29,630105,Jake Cronenworth,final,3,2,0,0,0,0,0,0,0,false,false,false,false,false
564,2026-04-30 00:02:57.887356+00,965,823312,2026-04-29,665487,Fernando Tatis Jr.,final,4,3,1,0,0,0,1,1,1,true,false,false,true,true
565,2026-04-30 00:02:57.887356+00,966,823312,2026-04-29,592518,Manny Machado,final,4,4,0,0,0,0,0,0,0,false,false,false,false,false
566,2026-04-30 00:02:57.887356+00,971,823312,2026-04-29,592206,Nick Castellanos,final,3,2,1,0,0,1,2,0,4,true,true,true,true,false
567,2026-04-30 00:02:57.887356+00,959,823312,2026-04-29,683737,Michael Busch,final,5,4,0,0,0,0,0,0,0,false,false,false,false,false
568,2026-04-30 00:02:57.887356+00,967,823312,2026-04-29,593428,Xander Bogaerts,final,4,4,0,0,0,0,0,0,0,false,false,false,false,false
569,2026-04-30 00:02:57.887356+00,961,823312,2026-04-29,807713,Matt Shaw,final,4,4,3,1,0,1,1,0,7,true,true,true,true,false
570,2026-04-30 00:02:57.887356+00,964,823312,2026-04-29,701538,Jackson Merrill,final,4,3,0,0,0,0,0,0,0,false,false,false,false,false
571,2026-04-30 00:02:57.887356+00,968,823312,2026-04-29,664034,Ty France,final,4,4,0,0,0,0,0,0,0,false,false,false,false,false
572,2026-04-30 00:02:57.887356+00,955,823312,2026-04-29,663538,Nico Hoerner,final,5,4,1,0,0,0,0,0,1,true,false,false,false,false
573,2026-04-30 00:02:57.887356+00,960,823312,2026-04-29,624424,Michael Conforto,final,4,4,1,1,0,0,0,0,2,true,true,false,false,false
574,2026-04-30 00:02:57.887356+00,963,823312,2026-04-29,665804,Miguel Amaya,final,4,3,1,0,0,0,1,0,1,true,false,false,true,false
575,2026-04-30 00:02:57.887356+00,972,823312,2026-04-29,669134,Luis Campusano,final,3,2,0,0,0,0,0,0,0,false,false,false,false,false
576,2026-04-30 00:02:57.887356+00,962,823312,2026-04-29,691718,Pete Crow-Armstrong,final,4,4,1,0,0,1,3,0,4,true,true,true,true,false
577,2026-04-30 00:02:59.97552+00,1124,823392,2026-04-29,602104,Ramón Urías,pending,,,,,,,,,,,,,,
578,2026-04-30 00:02:59.97552+00,1120,823392,2026-04-29,691023,Jordan Walker,pending,,,,,,,,,,,,,,
579,2026-04-30 00:02:59.97552+00,1125,823392,2026-04-29,687363,Victor Scott II,pending,,,,,,,,,,,,,,
580,2026-04-30 00:02:59.97552+00,1129,823392,2026-04-29,656811,Ryan O'Hearn,pending,,,,,,,,,,,,,,
581,2026-04-30 00:02:59.97552+00,1117,823392,2026-04-29,802139,JJ Wetherholt,pending,,,,,,,,,,,,,,
582,2026-04-30 00:02:59.97552+00,1134,823392,2026-04-29,663698,Joey Bart,pending,,,,,,,,,,,,,,
583,2026-04-30 00:02:59.97552+00,1118,823392,2026-04-29,671056,Iván Herrera,pending,,,,,,,,,,,,,,
584,2026-04-30 00:02:59.97552+00,1123,823392,2026-04-29,701675,Nathan Church,pending,,,,,,,,,,,,,,
585,2026-04-30 00:02:59.97552+00,1131,823392,2026-04-29,693304,Nick Gonzales,pending,,,,,,,,,,,,,,
586,2026-04-30 00:02:59.97552+00,1122,823392,2026-04-29,691026,Masyn Winn,pending,,,,,,,,,,,,,,
587,2026-04-30 00:02:59.97552+00,1128,823392,2026-04-29,668804,Bryan Reynolds,pending,,,,,,,,,,,,,,
588,2026-04-30 00:02:59.97552+00,1133,823392,2026-04-29,804606,Konnor Griffin,pending,,,,,,,,,,,,,,
589,2026-04-30 00:02:59.97552+00,1130,823392,2026-04-29,542303,Marcell Ozuna,pending,,,,,,,,,,,,,,
590,2026-04-30 00:02:59.97552+00,1132,823392,2026-04-29,687462,Spencer Horwitz,pending,,,,,,,,,,,,,,
591,2026-04-30 00:02:59.97552+00,1126,823392,2026-04-29,665833,Oneil Cruz,pending,,,,,,,,,,,,,,
592,2026-04-30 00:02:59.97552+00,1121,823392,2026-04-29,669357,Nolan Gorman,pending,,,,,,,,,,,,,,
593,2026-04-30 00:02:59.97552+00,1127,823392,2026-04-29,664040,Brandon Lowe,pending,,,,,,,,,,,,,,
594,2026-04-30 00:02:59.97552+00,1119,823392,2026-04-29,676475,Alec Burleson,pending,,,,,,,,,,,,,,
595,2026-04-30 00:03:02.061392+00,1009,823471,2026-04-29,671218,Heliot Ramos,pending,,,,,,,,,,,,,,
596,2026-04-30 00:03:02.061392+00,1019,823471,2026-04-29,656941,Kyle Schwarber,pending,,,,,,,,,,,,,,
597,2026-04-30 00:03:02.061392+00,1021,823471,2026-04-29,666969,Adolis García,pending,,,,,,,,,,,,,,
598,2026-04-30 00:03:02.061392+00,1014,823471,2026-04-29,642715,Willy Adames,pending,,,,,,,,,,,,,,
599,2026-04-30 00:03:02.061392+00,1026,823471,2026-04-29,665561,Rafael Marchán,pending,,,,,,,,,,,,,,
600,2026-04-30 00:03:02.061392+00,1023,823471,2026-04-29,681082,Bryson Stott,pending,,,,,,,,,,,,,,
601,2026-04-30 00:03:02.061392+00,1011,823471,2026-04-29,650333,Luis Arraez,pending,,,,,,,,,,,,,,
602,2026-04-30 00:03:02.061392+00,1017,823471,2026-04-29,672275,Patrick Bailey,pending,,,,,,,,,,,,,,
603,2026-04-30 00:03:02.061392+00,1022,823471,2026-04-29,669016,Brandon Marsh,pending,,,,,,,,,,,,,,
604,2026-04-30 00:03:02.061392+00,1018,823471,2026-04-29,607208,Trea Turner,pending,,,,,,,,,,,,,,
605,2026-04-30 00:03:02.061392+00,1020,823471,2026-04-29,547180,Bryce Harper,pending,,,,,,,,,,,,,,
606,2026-04-30 00:03:02.061392+00,1013,823471,2026-04-29,646240,Rafael Devers,pending,,,,,,,,,,,,,,
607,2026-04-30 00:03:02.061392+00,1025,823471,2026-04-29,702222,Justin Crawford,pending,,,,,,,,,,,,,,
608,2026-04-30 00:03:02.061392+00,1012,823471,2026-04-29,669477,Casey Schmitt,pending,,,,,,,,,,,,,,
609,2026-04-30 00:03:02.061392+00,1024,823471,2026-04-29,664761,Alec Bohm,pending,,,,,,,,,,,,,,
610,2026-04-30 00:03:02.061392+00,1010,823471,2026-04-29,656305,Matt Chapman,pending,,,,,,,,,,,,,,
611,2026-04-30 00:03:02.061392+00,1016,823471,2026-04-29,666464,Jerar Encarnacion,pending,,,,,,,,,,,,,,
612,2026-04-30 00:03:02.061392+00,1015,823471,2026-04-29,808982,Jung Hoo Lee,pending,,,,,,,,,,,,,,
613,2026-04-30 00:03:04.145069+00,1143,823633,2026-04-29,660688,Keibert Ruiz,pending,,,,,,,,,,,,,,
614,2026-04-30 00:03:04.145069+00,1146,823633,2026-04-29,669004,MJ Melendez,pending,,,,,,,,,,,,,,
615,2026-04-30 00:03:04.145069+00,1150,823633,2026-04-29,701807,Carson Benge,pending,,,,,,,,,,,,,,
616,2026-04-30 00:03:04.145069+00,1139,823633,2026-04-29,696285,Jacob Young,pending,,,,,,,,,,,,,,
617,2026-04-30 00:03:04.145069+00,1140,823633,2026-04-29,695734,Daylen Lile,pending,,,,,,,,,,,,,,
618,2026-04-30 00:03:04.145069+00,1141,823633,2026-04-29,686894,Joey Wiemer,pending,,,,,,,,,,,,,,
619,2026-04-30 00:03:04.145069+00,1152,823633,2026-04-29,677595,Ronny Mauricio,pending,,,,,,,,,,,,,,
620,2026-04-30 00:03:04.145069+00,1137,823633,2026-04-29,691781,Brady House,pending,,,,,,,,,,,,,,
621,2026-04-30 00:03:04.145069+00,1136,823633,2026-04-29,678554,Curtis Mead,pending,,,,,,,,,,,,,,
622,2026-04-30 00:03:04.145069+00,1148,823633,2026-04-29,683146,Brett Baty,pending,,,,,,,,,,,,,,
623,2026-04-30 00:03:04.145069+00,1135,823633,2026-04-29,695578,James Wood,pending,,,,,,,,,,,,,,
624,2026-04-30 00:03:04.145069+00,1138,823633,2026-04-29,682928,CJ Abrams,pending,,,,,,,,,,,,,,
625,2026-04-30 00:03:04.145069+00,1151,823633,2026-04-29,543760,Marcus Semien,pending,,,,,,,,,,,,,,
626,2026-04-30 00:03:04.145069+00,1142,823633,2026-04-29,683083,Nasim Nuñez,pending,,,,,,,,,,,,,,
627,2026-04-30 00:03:04.145069+00,1147,823633,2026-04-29,682626,Francisco Alvarez,pending,,,,,,,,,,,,,,
628,2026-04-30 00:03:04.145069+00,1144,823633,2026-04-29,666182,Bo Bichette,pending,,,,,,,,,,,,,,
629,2026-04-30 00:03:04.145069+00,1149,823633,2026-04-29,621438,Tyrone Taylor,pending,,,,,,,,,,,,,,
630,2026-04-30 00:03:04.145069+00,1145,823633,2026-04-29,665742,Juan Soto,pending,,,,,,,,,,,,,,
631,2026-04-30 00:03:06.239051+00,836,823717,2026-04-29,702284,Cole Young,final,4,4,2,1,0,0,3,1,3,true,true,false,true,true
632,2026-04-30 00:03:06.239051+00,838,823717,2026-04-29,621439,Byron Buxton,final,5,5,1,0,0,0,0,0,1,true,false,false,false,false
633,2026-04-30 00:03:06.239051+00,833,823717,2026-04-29,668227,Randy Arozarena,final,4,3,0,0,0,0,0,0,0,false,false,false,false,false
634,2026-04-30 00:03:06.239051+00,839,823717,2026-04-29,663616,Trevor Larnach,final,3,3,2,0,0,0,0,0,2,true,true,false,false,false
635,2026-04-30 00:03:06.239051+00,834,823717,2026-04-29,670042,Luke Raley,final,4,4,0,0,0,0,0,0,0,false,false,false,false,false
636,2026-04-30 00:03:06.239051+00,843,823717,2026-04-29,807712,Luke Keaschall,final,4,4,1,0,0,0,0,0,1,true,false,false,false,false
637,2026-04-30 00:03:06.239051+00,841,823717,2026-04-29,680777,Ryan Jeffers,final,4,4,2,0,0,0,0,0,2,true,true,false,false,false
638,2026-04-30 00:03:06.239051+00,837,823717,2026-04-29,669717,Will Wilson,final,4,3,0,0,0,0,0,0,0,false,false,false,false,false
639,2026-04-30 00:03:06.239051+00,846,823717,2026-04-29,668904,Royce Lewis,final,4,3,1,0,0,0,0,0,1,true,false,false,false,false
640,2026-04-30 00:03:06.239051+00,831,823717,2026-04-29,677594,Julio Rodríguez,final,5,5,1,0,0,0,0,0,1,true,false,false,false,false
641,2026-04-30 00:03:06.239051+00,842,823717,2026-04-29,665019,Kody Clemens,final,4,3,2,1,0,0,0,0,3,true,true,false,false,false
642,2026-04-30 00:03:06.239051+00,844,823717,2026-04-29,670242,Matt Wallner,final,3,2,0,0,0,0,0,0,0,false,false,false,false,false
643,2026-04-30 00:03:06.239051+00,835,823717,2026-04-29,686527,Dominic Canzone,final,4,4,2,1,0,0,0,0,3,true,true,false,false,false
644,2026-04-30 00:03:06.239051+00,845,823717,2026-04-29,686797,Brooks Lee,final,4,4,2,0,0,0,2,1,2,true,true,false,true,true
645,2026-04-30 00:03:06.239051+00,830,823717,2026-04-29,663728,Cal Raleigh,final,5,3,0,0,0,0,1,0,0,false,false,false,true,false
646,2026-04-30 00:03:06.239051+00,840,823717,2026-04-29,605137,Josh Bell,final,5,5,0,0,0,0,0,0,0,false,false,false,false,false
647,2026-04-30 00:03:06.239051+00,829,823717,2026-04-29,641487,J.P. Crawford,final,5,3,2,0,0,1,1,0,5,true,true,true,true,false
648,2026-04-30 00:03:06.239051+00,832,823717,2026-04-29,647304,Josh Naylor,final,4,4,0,0,0,0,0,0,0,false,false,false,false,false
649,2026-04-30 00:03:08.319888+00,1171,823796,2026-04-29,672695,Geraldo Perdomo,pending,,,,,,,,,,,,,,
650,2026-04-30 00:03:08.319888+00,1172,823796,2026-04-29,606466,Ketel Marte,pending,,,,,,,,,,,,,,
651,2026-04-30 00:03:08.319888+00,1173,823796,2026-04-29,682998,Corbin Carroll,pending,,,,,,,,,,,,,,
652,2026-04-30 00:03:08.319888+00,1174,823796,2026-04-29,680728,Adrian Del Castillo,pending,,,,,,,,,,,,,,
653,2026-04-30 00:03:08.319888+00,1175,823796,2026-04-29,545121,Ildemaro Vargas,pending,,,,,,,,,,,,,,
654,2026-04-30 00:03:08.319888+00,1176,823796,2026-04-29,666971,Lourdes Gurriel Jr.,pending,,,,,,,,,,,,,,
655,2026-04-30 00:03:08.319888+00,1177,823796,2026-04-29,571448,Nolan Arenado,pending,,,,,,,,,,,,,,
656,2026-04-30 00:03:08.319888+00,1178,823796,2026-04-29,699912,Jose Fernandez,pending,,,,,,,,,,,,,,
657,2026-04-30 00:03:08.319888+00,1179,823796,2026-04-29,677950,Alek Thomas,pending,,,,,,,,,,,,,,
658,2026-04-30 00:03:08.319888+00,1180,823796,2026-04-29,663604,Brandon Lockridge,pending,,,,,,,,,,,,,,
659,2026-04-30 00:03:08.319888+00,1181,823796,2026-04-29,668930,Brice Turang,pending,,,,,,,,,,,,,,
660,2026-04-30 00:03:08.319888+00,1182,823796,2026-04-29,661388,William Contreras,pending,,,,,,,,,,,,,,
661,2026-04-30 00:03:08.319888+00,1183,823796,2026-04-29,641343,Jake Bauers,pending,,,,,,,,,,,,,,
662,2026-04-30 00:03:08.319888+00,1184,823796,2026-04-29,596142,Gary Sánchez,pending,,,,,,,,,,,,,,
663,2026-04-30 00:03:08.319888+00,1185,823796,2026-04-29,650859,Luis Rengifo,pending,,,,,,,,,,,,,,
664,2026-04-30 00:03:08.319888+00,1186,823796,2026-04-29,675659,Greg Jones,pending,,,,,,,,,,,,,,
665,2026-04-30 00:03:08.319888+00,1187,823796,2026-04-29,663368,Blake Perkins,pending,,,,,,,,,,,,,,
666,2026-04-30 00:03:08.319888+00,1188,823796,2026-04-29,687401,Joey Ortiz,pending,,,,,,,,,,,,,,
667,2026-04-30 00:03:10.45799+00,733,823956,2026-04-29,663656,Kyle Tucker,final,4,3,1,0,0,0,0,0,1,true,false,false,false,false
668,2026-04-30 00:03:10.45799+00,738,823956,2026-04-29,690976,Alex Freeland,final,4,4,1,0,0,0,0,0,1,true,false,false,false,false
669,2026-04-30 00:03:10.45799+00,727,823956,2026-04-29,683357,Owen Caissie,final,4,3,1,0,0,0,1,0,1,true,false,false,true,false
670,2026-04-30 00:03:10.45799+00,729,823956,2026-04-29,688363,Graham Pauley,final,4,4,0,0,0,0,0,0,0,false,false,false,false,false
671,2026-04-30 00:03:10.45799+00,730,823956,2026-04-29,687221,Dalton Rushing,final,4,4,0,0,0,0,0,0,0,false,false,false,false,false
672,2026-04-30 00:03:10.45799+00,723,823956,2026-04-29,672640,Otto Lopez,final,5,5,3,1,0,0,0,0,4,true,true,false,false,false
673,2026-04-30 00:03:10.45799+00,737,823956,2026-04-29,808975,Hyeseong Kim,final,4,4,0,0,0,0,0,0,0,false,false,false,false,false
674,2026-04-30 00:03:10.45799+00,736,823956,2026-04-29,681624,Andy Pages,final,4,4,1,0,0,0,0,0,1,true,false,false,false,false
675,2026-04-30 00:03:10.45799+00,728,823956,2026-04-29,666624,Christopher Morel,final,4,3,0,0,0,0,0,0,0,false,false,false,false,false
676,2026-04-30 00:03:10.45799+00,722,823956,2026-04-29,669065,Kyle Stowers,final,5,5,2,0,0,0,1,0,2,true,true,false,true,false
677,2026-04-30 00:03:10.45799+00,725,823956,2026-04-29,689414,Liam Hicks,final,0,0,0,0,0,0,0,0,0,false,false,false,false,false
678,2026-04-30 00:03:10.45799+00,732,823956,2026-04-29,669257,Will Smith,final,4,4,3,0,0,0,1,0,3,true,true,false,true,false
679,2026-04-30 00:03:10.45799+00,721,823956,2026-04-29,805300,Jakob Marsee,final,5,4,0,0,0,0,0,0,0,false,false,false,false,false
680,2026-04-30 00:03:10.45799+00,724,823956,2026-04-29,669364,Xavier Edwards,final,4,3,1,0,0,0,0,0,1,true,false,false,false,false
681,2026-04-30 00:03:10.45799+00,735,823956,2026-04-29,606192,Teoscar Hernández,final,4,4,0,0,0,0,0,0,0,false,false,false,false,false
682,2026-04-30 00:03:10.45799+00,734,823956,2026-04-29,571970,Max Muncy,final,4,4,0,0,0,0,0,0,0,false,false,false,false,false
683,2026-04-30 00:03:10.45799+00,726,823956,2026-04-29,682663,Agustín Ramírez,final,4,2,0,0,0,0,0,1,0,false,false,false,false,true
684,2026-04-30 00:03:10.45799+00,731,823956,2026-04-29,518692,Freddie Freeman,final,4,4,1,0,0,0,0,0,1,true,false,false,false,false
685,2026-04-30 00:03:12.550214+00,887,823958,2026-04-29,689414,Liam Hicks,final,4,2,1,0,0,1,1,0,4,true,true,true,true,false
686,2026-04-30 00:03:12.550214+00,883,823958,2026-04-29,805300,Jakob Marsee,final,5,4,0,0,0,0,0,0,0,false,false,false,false,false
687,2026-04-30 00:03:12.550214+00,899,823958,2026-04-29,669743,Alex Call,final,4,3,1,0,0,0,1,0,1,true,false,false,true,false
688,2026-04-30 00:03:12.550214+00,900,823958,2026-04-29,690976,Alex Freeland,final,4,3,1,0,0,0,0,0,1,true,false,false,false,false
689,2026-04-30 00:03:12.550214+00,898,823958,2026-04-29,808975,Hyeseong Kim,final,4,3,1,0,0,0,0,0,1,true,false,false,false,false
690,2026-04-30 00:03:12.550214+00,886,823958,2026-04-29,669364,Xavier Edwards,final,4,4,1,0,0,0,0,0,1,true,false,false,false,false
691,2026-04-30 00:03:12.550214+00,893,823958,2026-04-29,518692,Freddie Freeman,final,5,5,0,0,0,0,0,0,0,false,false,false,false,false
692,2026-04-30 00:03:12.550214+00,885,823958,2026-04-29,672640,Otto Lopez,final,4,4,1,0,0,0,0,1,1,true,false,false,false,true
693,2026-04-30 00:03:12.550214+00,891,823958,2026-04-29,665923,Esteury Ruiz,final,4,4,2,0,0,1,1,1,5,true,true,true,true,true
694,2026-04-30 00:03:12.550214+00,897,823958,2026-04-29,687221,Dalton Rushing,final,3,3,1,0,0,0,1,0,1,true,false,false,true,false
695,2026-04-30 00:03:12.550214+00,896,823958,2026-04-29,571970,Max Muncy,final,3,3,1,1,0,0,0,0,2,true,true,false,false,false
696,2026-04-30 00:03:12.550214+00,889,823958,2026-04-29,683357,Owen Caissie,final,2,2,0,0,0,0,0,0,0,false,false,false,false,false
697,2026-04-30 00:03:12.550214+00,892,823958,2026-04-29,660271,Shohei Ohtani,final,5,2,0,0,0,0,0,1,0,false,false,false,false,true
698,2026-04-30 00:03:12.550214+00,888,823958,2026-04-29,681393,Connor Norby,final,4,3,0,0,0,0,0,0,0,false,false,false,false,false
699,2026-04-30 00:03:12.550214+00,890,823958,2026-04-29,688363,Graham Pauley,final,4,3,0,0,0,0,0,0,0,false,false,false,false,false
700,2026-04-30 00:03:12.550214+00,895,823958,2026-04-29,663656,Kyle Tucker,final,4,3,1,1,0,0,0,0,2,true,true,false,false,false
701,2026-04-30 00:03:12.550214+00,894,823958,2026-04-29,681624,Andy Pages,final,4,4,1,0,0,0,0,0,1,true,false,false,false,false
702,2026-04-30 00:03:12.550214+00,884,823958,2026-04-29,669065,Kyle Stowers,final,5,3,0,0,0,0,0,0,0,false,false,false,false,false
703,2026-04-30 00:03:14.644789+00,802,824445,2026-04-29,680757,Steven Kwan,final,5,4,1,1,0,0,0,0,2,true,true,false,false,false
704,2026-04-30 00:03:14.644789+00,801,824445,2026-04-29,670764,Taylor Walls,final,3,3,0,0,0,0,0,0,0,false,false,false,false,false
705,2026-04-30 00:03:14.644789+00,807,824445,2026-04-29,682657,Angel Martínez,final,4,4,0,0,0,0,0,0,0,false,false,false,false,false
706,2026-04-30 00:03:14.644789+00,805,824445,2026-04-29,700932,Kyle Manzardo,final,4,3,0,0,0,0,1,0,0,false,false,false,true,false
707,2026-04-30 00:03:14.644789+00,796,824445,2026-04-29,650490,Yandy Díaz,final,4,4,2,0,0,0,0,0,2,true,true,false,false,false
708,2026-04-30 00:03:14.644789+00,806,824445,2026-04-29,682177,Daniel Schneemann,final,4,4,2,0,0,0,0,1,2,true,true,false,false,true
709,2026-04-30 00:03:14.644789+00,800,824445,2026-04-29,676439,Hunter Feduccia,final,3,2,0,0,0,0,0,0,0,false,false,false,false,false
710,2026-04-30 00:03:14.644789+00,804,824445,2026-04-29,608070,José Ramírez,final,4,4,1,1,0,0,0,1,2,true,true,false,false,true
711,2026-04-30 00:03:14.644789+00,803,824445,2026-04-29,800050,Chase DeLauter,final,4,3,2,0,0,0,2,0,2,true,true,false,true,false
712,2026-04-30 00:03:14.644789+00,809,824445,2026-04-29,666310,Bo Naylor,final,4,4,0,0,0,0,0,0,0,false,false,false,false,false
713,2026-04-30 00:03:14.644789+00,795,824445,2026-04-29,666018,Jonathan Aranda,final,4,4,0,0,0,0,0,0,0,false,false,false,false,false
714,2026-04-30 00:03:14.644789+00,799,824445,2026-04-29,680700,Richie Palacios,final,4,4,0,0,0,0,0,0,0,false,false,false,false,false
715,2026-04-30 00:03:14.644789+00,794,824445,2026-04-29,691406,Junior Caminero,final,4,4,1,0,0,0,0,0,1,true,false,false,false,false
716,2026-04-30 00:03:14.644789+00,810,824445,2026-04-29,677587,Brayan Rocchio,final,4,4,3,0,0,0,0,1,3,true,true,false,false,true
717,2026-04-30 00:03:14.644789+00,793,824445,2026-04-29,802415,Chandler Simpson,final,4,4,2,0,0,0,0,1,2,true,true,false,false,true
718,2026-04-30 00:03:14.644789+00,797,824445,2026-04-29,641584,Jake Fraley,final,4,4,1,0,0,0,0,0,1,true,false,false,false,false
719,2026-04-30 00:03:14.644789+00,808,824445,2026-04-29,683953,Travis Bazzana,final,4,4,0,0,0,0,0,0,0,false,false,false,false,false
720,2026-04-30 00:03:14.644789+00,798,824445,2026-04-29,656775,Cedric Mullins,final,4,4,0,0,0,0,0,0,0,false,false,false,false,false
721,2026-04-30 00:03:16.738104+00,1101,824525,2026-04-29,681198,TJ Rumfield,pending,,,,,,,,,,,,,,
722,2026-04-30 00:03:16.738104+00,1114,824525,2026-04-29,668709,JJ Bleday,pending,,,,,,,,,,,,,,
723,2026-04-30 00:03:16.738104+00,1105,824525,2026-04-29,691720,Kyle Karros,pending,,,,,,,,,,,,,,
724,2026-04-30 00:03:16.738104+00,1116,824525,2026-04-29,663647,Ke'Bryan Hayes,pending,,,,,,,,,,,,,,
725,2026-04-30 00:03:16.738104+00,1108,824525,2026-04-29,670770,TJ Friedl,pending,,,,,,,,,,,,,,
726,2026-04-30 00:03:16.738104+00,1100,824525,2026-04-29,686668,Brenton Doyle,pending,,,,,,,,,,,,,,
727,2026-04-30 00:03:16.738104+00,1104,824525,2026-04-29,664954,Brett Sullivan,pending,,,,,,,,,,,,,,
728,2026-04-30 00:03:16.738104+00,1109,824525,2026-04-29,680574,Matt McLain,pending,,,,,,,,,,,,,,
729,2026-04-30 00:03:16.738104+00,1102,824525,2026-04-29,696100,Hunter Goodman,pending,,,,,,,,,,,,,,
730,2026-04-30 00:03:16.738104+00,1107,824525,2026-04-29,666160,Mickey Moniak,pending,,,,,,,,,,,,,,
731,2026-04-30 00:03:16.738104+00,1106,824525,2026-04-29,678662,Ezequiel Tovar,pending,,,,,,,,,,,,,,
732,2026-04-30 00:03:16.738104+00,1099,824525,2026-04-29,687597,Jordan Beck,pending,,,,,,,,,,,,,,
733,2026-04-30 00:03:16.738104+00,1110,824525,2026-04-29,682829,Elly De La Cruz,pending,,,,,,,,,,,,,,
734,2026-04-30 00:03:16.738104+00,1115,824525,2026-04-29,624431,Jose Trevino,pending,,,,,,,,,,,,,,
735,2026-04-30 00:03:16.738104+00,1103,824525,2026-04-29,650489,Willi Castro,pending,,,,,,,,,,,,,,
736,2026-04-30 00:03:16.738104+00,1111,824525,2026-04-29,701398,Sal Stewart,pending,,,,,,,,,,,,,,
737,2026-04-30 00:03:16.738104+00,1112,824525,2026-04-29,663993,Nathaniel Lowe,pending,,,,,,,,,,,,,,
738,2026-04-30 00:03:16.738104+00,1113,824525,2026-04-29,668715,Spencer Steer,pending,,,,,,,,,,,,,,
739,2026-04-30 00:03:18.83111+00,825,824608,2026-04-29,700337,Edgar Quero,final,4,4,0,0,0,0,0,0,0,false,false,false,false,false
740,2026-04-30 00:03:18.83111+00,815,824608,2026-04-29,666176,Jo Adell,final,4,4,1,0,0,0,0,0,1,true,false,false,false,false
741,2026-04-30 00:03:18.83111+00,812,824608,2026-04-29,545361,Mike Trout,final,4,4,1,0,0,1,1,0,4,true,true,true,true,false
742,2026-04-30 00:03:18.83111+00,827,824608,2026-04-29,682668,Luisangel Acuña,final,2,2,0,0,0,0,0,0,0,false,false,false,false,false
743,2026-04-30 00:03:18.83111+00,816,824608,2026-04-29,666139,Josh Lowe,final,4,4,0,0,0,0,0,0,0,false,false,false,false,false
744,2026-04-30 00:03:18.83111+00,817,824608,2026-04-29,687093,Vaughn Grissom,final,4,4,1,0,0,1,1,0,4,true,true,true,true,false
745,2026-04-30 00:03:18.83111+00,823,824608,2026-04-29,669720,Austin Hays,final,5,5,2,0,0,0,0,0,2,true,true,false,false,false
746,2026-04-30 00:03:18.83111+00,819,824608,2026-04-29,624428,Adam Frazier,final,3,3,1,1,0,0,0,0,2,true,true,false,false,false
747,2026-04-30 00:03:18.83111+00,813,824608,2026-04-29,660162,Yoán Moncada,final,3,3,0,0,0,0,0,0,0,false,false,false,false,false
748,2026-04-30 00:03:18.83111+00,822,824608,2026-04-29,808959,Munetaka Murakami,final,5,2,0,0,0,0,0,0,0,false,false,false,false,false
749,2026-04-30 00:03:18.83111+00,818,824608,2026-04-29,518595,Travis d'Arnaud,final,3,3,0,0,0,0,0,0,0,false,false,false,false,false
750,2026-04-30 00:03:18.83111+00,820,824608,2026-04-29,805367,Chase Meidroth,final,5,4,1,1,0,0,0,0,2,true,true,false,false,false
751,2026-04-30 00:03:18.83111+00,821,824608,2026-04-29,678246,Miguel Vargas,final,5,4,1,0,0,0,1,0,1,true,false,false,true,false
752,2026-04-30 00:03:18.83111+00,828,824608,2026-04-29,803011,Sam Antonacci,final,4,3,1,0,1,0,1,0,3,true,true,false,true,false
753,2026-04-30 00:03:18.83111+00,811,824608,2026-04-29,687263,Zach Neto,final,4,4,0,0,0,0,0,0,0,false,false,false,false,false
754,2026-04-30 00:03:18.83111+00,826,824608,2026-04-29,656537,Derek Hill,final,2,2,1,0,0,0,0,0,1,true,false,false,false,false
755,2026-04-30 00:03:18.83111+00,814,824608,2026-04-29,624585,Jorge Soler,final,4,4,1,0,0,0,0,0,1,true,false,false,false,false
756,2026-04-30 00:03:18.83111+00,824,824608,2026-04-29,695657,Colson Montgomery,final,5,5,1,0,0,0,1,0,1,true,false,false,true,false
757,2026-04-30 00:03:20.908991+00,1167,824930,2026-04-29,643289,Mauricio Dubón,pending,,,,,,,,,,,,,,
758,2026-04-30 00:03:20.908991+00,1162,824930,2026-04-29,660670,Ronald Acuña Jr.,pending,,,,,,,,,,,,,,
759,2026-04-30 00:03:20.908991+00,1153,824930,2026-04-29,805808,Kevin McGonigle,pending,,,,,,,,,,,,,,
760,2026-04-30 00:03:20.908991+00,1164,824930,2026-04-29,645277,Ozzie Albies,pending,,,,,,,,,,,,,,
761,2026-04-30 00:03:20.908991+00,1156,824930,2026-04-29,682985,Riley Greene,pending,,,,,,,,,,,,,,
762,2026-04-30 00:03:20.908991+00,1157,824930,2026-04-29,693307,Dillon Dingler,pending,,,,,,,,,,,,,,
763,2026-04-30 00:03:20.908991+00,1154,824930,2026-04-29,650402,Gleyber Torres,pending,,,,,,,,,,,,,,
764,2026-04-30 00:03:20.908991+00,1169,824930,2026-04-29,642201,Eli White,pending,,,,,,,,,,,,,,
765,2026-04-30 00:03:20.908991+00,1165,824930,2026-04-29,621566,Matt Olson,pending,,,,,,,,,,,,,,
766,2026-04-30 00:03:20.908991+00,1163,824930,2026-04-29,686948,Drake Baldwin,pending,,,,,,,,,,,,,,
767,2026-04-30 00:03:20.908991+00,1158,824930,2026-04-29,681481,Kerry Carpenter,pending,,,,,,,,,,,,,,
768,2026-04-30 00:03:20.908991+00,1155,824930,2026-04-29,690993,Colt Keith,pending,,,,,,,,,,,,,,
769,2026-04-30 00:03:20.908991+00,1170,824930,2026-04-29,641680,Jonah Heim,pending,,,,,,,,,,,,,,
770,2026-04-30 00:03:20.908991+00,1166,824930,2026-04-29,663586,Austin Riley,pending,,,,,,,,,,,,,,
771,2026-04-30 00:03:20.908991+00,1168,824930,2026-04-29,671739,Michael Harris II,pending,,,,,,,,,,,,,,
772,2026-04-30 00:03:20.908991+00,1159,824930,2026-04-29,679529,Spencer Torkelson,pending,,,,,,,,,,,,,,
773,2026-04-30 00:03:20.908991+00,1160,824930,2026-04-29,672761,Wenceel Pérez,pending,,,,,,,,,,,,,,
774,2026-04-30 00:03:20.908991+00,1161,824930,2026-04-29,690291,Jace Jung,pending,,,,,,,,,,,,,,
775,2026-04-30 00:03:25.562105+00,1189,825015,2026-04-30,672580,Maikel Garcia,pending,,,,,,,,,,,,,,
776,2026-04-30 00:03:25.562105+00,1190,825015,2026-04-30,677951,Bobby Witt Jr.,pending,,,,,,,,,,,,,,
777,2026-04-30 00:03:25.562105+00,1191,825015,2026-04-30,695600,Carter Jensen,pending,,,,,,,,,,,,,,
778,2026-04-30 00:03:25.562105+00,1192,825015,2026-04-30,521692,Salvador Perez,pending,,,,,,,,,,,,,,
779,2026-04-30 00:03:25.562105+00,1193,825015,2026-04-30,686681,Michael Massey,pending,,,,,,,,,,,,,,
780,2026-04-30 00:03:25.562105+00,1194,825015,2026-04-30,686555,Isaac Collins,pending,,,,,,,,,,,,,,
781,2026-04-30 00:03:25.562105+00,1195,825015,2026-04-30,695506,Jac Caglianone,pending,,,,,,,,,,,,,,
782,2026-04-30 00:03:25.562105+00,1196,825015,2026-04-30,657041,Lane Thomas,pending,,,,,,,,,,,,,,
783,2026-04-30 00:03:25.562105+00,1197,825015,2026-04-30,664728,Kyle Isbel,pending,,,,,,,,,,,,,,
784,2026-04-30 00:03:25.562105+00,1198,825015,2026-04-30,701762,Nick Kurtz,pending,,,,,,,,,,,,,,
785,2026-04-30 00:03:25.562105+00,1199,825015,2026-04-30,669127,Shea Langeliers,pending,,,,,,,,,,,,,,
786,2026-04-30 00:03:25.562105+00,1200,825015,2026-04-30,666126,Carlos Cortes,pending,,,,,,,,,,,,,,
787,2026-04-30 00:03:25.562105+00,1201,825015,2026-04-30,667670,Brent Rooker,pending,,,,,,,,,,,,,,
788,2026-04-30 00:03:25.562105+00,1202,825015,2026-04-30,805779,Jacob Wilson,pending,,,,,,,,,,,,,,
789,2026-04-30 00:03:25.562105+00,1203,825015,2026-04-30,643446,Jeff McNeil,pending,,,,,,,,,,,,,,
790,2026-04-30 00:03:25.562105+00,1204,825015,2026-04-30,680869,Zack Gelof,pending,,,,,,,,,,,,,,
791,2026-04-30 00:03:25.562105+00,1205,825015,2026-04-30,671732,Lawrence Butler,pending,,,,,,,,,,,,,,
792,2026-04-30 00:03:25.562105+00,1206,825015,2026-04-30,687231,Darell Hernaiz,pending,,,,,,,,,,,,,,
793,2026-04-30 23:58:14.240702+00,1253,823391,2026-04-30,664040,Brandon Lowe,final,5,5,2,1,0,1,1,0,6,true,true,true,true,false
794,2026-04-30 23:58:14.240702+00,1250,823391,2026-04-30,686780,Pedro Pagés,final,5,5,2,0,0,0,0,0,2,true,true,false,false,false
795,2026-04-30 23:58:14.240702+00,1243,823391,2026-04-30,802139,JJ Wetherholt,final,5,4,2,0,0,1,1,0,5,true,true,true,true,false
796,2026-04-30 23:58:14.240702+00,1251,823391,2026-04-30,687363,Victor Scott II,final,4,2,0,0,0,0,0,0,0,false,false,false,false,false
797,2026-04-30 23:58:14.240702+00,1252,823391,2026-04-30,665833,Oneil Cruz,final,5,4,1,0,0,0,0,0,1,true,false,false,false,false
798,2026-04-30 23:58:14.240702+00,1246,823391,2026-04-30,691023,Jordan Walker,final,5,5,2,0,0,1,3,0,5,true,true,true,true,false
799,2026-04-30 23:58:14.240702+00,1258,823391,2026-04-30,804606,Konnor Griffin,final,4,4,1,0,0,0,0,0,1,true,false,false,false,false
800,2026-04-30 23:58:14.240702+00,1244,823391,2026-04-30,671056,Iván Herrera,final,5,4,1,0,0,0,0,0,1,true,false,false,false,false
801,2026-04-30 23:58:14.240702+00,1248,823391,2026-04-30,691026,Masyn Winn,final,5,5,1,0,0,0,0,0,1,true,false,false,false,false
802,2026-04-30 23:58:14.240702+00,1247,823391,2026-04-30,669357,Nolan Gorman,final,5,5,2,0,0,0,1,0,2,true,true,false,true,false
803,2026-04-30 23:58:14.240702+00,1254,823391,2026-04-30,668804,Bryan Reynolds,final,5,4,2,2,0,0,2,0,4,true,true,false,true,false
804,2026-04-30 23:58:14.240702+00,1255,823391,2026-04-30,656811,Ryan O'Hearn,final,5,4,0,0,0,0,0,0,0,false,false,false,false,false
805,2026-04-30 23:58:14.240702+00,1260,823391,2026-04-30,680779,Henry Davis,final,3,3,0,0,0,0,0,0,0,false,false,false,false,false
806,2026-04-30 23:58:14.240702+00,1256,823391,2026-04-30,693304,Nick Gonzales,final,4,2,0,0,0,0,0,0,0,false,false,false,false,false
807,2026-04-30 23:58:14.240702+00,1259,823391,2026-04-30,663968,Jake Mangum,final,4,3,1,0,0,0,0,0,1,true,false,false,false,false
808,2026-04-30 23:58:14.240702+00,1257,823391,2026-04-30,687462,Spencer Horwitz,final,4,3,0,0,0,0,1,0,0,false,false,false,true,false
809,2026-04-30 23:58:14.240702+00,1245,823391,2026-04-30,676475,Alec Burleson,final,5,5,3,0,0,0,3,0,3,true,true,false,true,false
810,2026-04-30 23:58:14.240702+00,1249,823391,2026-04-30,701675,Nathan Church,final,5,5,1,1,0,0,2,0,2,true,true,false,true,false
811,2026-04-30 23:58:14.896129+00,1351,823471,2026-04-30,671218,Heliot Ramos,pending,,,,,,,,,,,,,,
812,2026-04-30 23:58:14.896129+00,1364,823471,2026-04-30,681082,Bryson Stott,pending,,,,,,,,,,,,,,
813,2026-04-30 23:58:14.896129+00,1366,823471,2026-04-30,702222,Justin Crawford,pending,,,,,,,,,,,,,,
814,2026-04-30 23:58:14.896129+00,1358,823471,2026-04-30,606992,Eric Haase,pending,,,,,,,,,,,,,,
815,2026-04-30 23:58:14.896129+00,1359,823471,2026-04-30,687551,Drew Gilbert,pending,,,,,,,,,,,,,,
816,2026-04-30 23:58:14.896129+00,1357,823471,2026-04-30,808982,Jung Hoo Lee,pending,,,,,,,,,,,,,,
817,2026-04-30 23:58:14.896129+00,1355,823471,2026-04-30,646240,Rafael Devers,pending,,,,,,,,,,,,,,
818,2026-04-30 23:58:14.896129+00,1361,823471,2026-04-30,656941,Kyle Schwarber,pending,,,,,,,,,,,,,,
819,2026-04-30 23:58:14.896129+00,1368,823471,2026-04-30,596117,Garrett Stubbs,pending,,,,,,,,,,,,,,
820,2026-04-30 23:58:14.896129+00,1367,823471,2026-04-30,694025,Felix Reyes,pending,,,,,,,,,,,,,,
821,2026-04-30 23:58:14.896129+00,1362,823471,2026-04-30,547180,Bryce Harper,pending,,,,,,,,,,,,,,
822,2026-04-30 23:58:14.896129+00,1353,823471,2026-04-30,650333,Luis Arraez,pending,,,,,,,,,,,,,,
823,2026-04-30 23:58:14.896129+00,1354,823471,2026-04-30,669477,Casey Schmitt,pending,,,,,,,,,,,,,,
824,2026-04-30 23:58:14.896129+00,1356,823471,2026-04-30,642715,Willy Adames,pending,,,,,,,,,,,,,,
825,2026-04-30 23:58:14.896129+00,1352,823471,2026-04-30,656305,Matt Chapman,pending,,,,,,,,,,,,,,
826,2026-04-30 23:58:14.896129+00,1363,823471,2026-04-30,666969,Adolis García,pending,,,,,,,,,,,,,,
827,2026-04-30 23:58:14.896129+00,1365,823471,2026-04-30,664761,Alec Bohm,pending,,,,,,,,,,,,,,
828,2026-04-30 23:58:14.896129+00,1360,823471,2026-04-30,607208,Trea Turner,pending,,,,,,,,,,,,,,
829,2026-04-30 23:58:15.535652+00,1269,823472,2026-04-30,672275,Patrick Bailey,final,4,4,1,0,0,0,0,0,1,true,false,false,false,false
830,2026-04-30 23:58:15.535652+00,1273,823472,2026-04-30,666969,Adolis García,final,4,4,2,0,0,0,0,0,2,true,true,false,false,false
831,2026-04-30 23:58:15.535652+00,1275,823472,2026-04-30,681082,Bryson Stott,final,4,4,1,0,1,0,1,0,3,true,true,false,true,false
832,2026-04-30 23:58:15.535652+00,1264,823472,2026-04-30,669477,Casey Schmitt,final,4,4,2,0,0,0,1,0,2,true,true,false,true,false
833,2026-04-30 23:58:15.535652+00,1263,823472,2026-04-30,650333,Luis Arraez,final,4,4,0,0,0,0,1,0,0,false,false,false,true,false
834,2026-04-30 23:58:15.535652+00,1276,823472,2026-04-30,624641,Edmundo Sosa,final,4,4,1,0,0,0,0,0,1,true,false,false,false,false
835,2026-04-30 23:58:15.535652+00,1274,823472,2026-04-30,669016,Brandon Marsh,final,4,4,1,1,0,0,0,0,2,true,true,false,false,false
836,2026-04-30 23:58:15.535652+00,1265,823472,2026-04-30,646240,Rafael Devers,final,4,4,0,0,0,0,0,0,0,false,false,false,false,false
837,2026-04-30 23:58:15.535652+00,1270,823472,2026-04-30,607208,Trea Turner,final,4,4,0,0,0,0,0,0,0,false,false,false,false,false
838,2026-04-30 23:58:15.535652+00,1271,823472,2026-04-30,656941,Kyle Schwarber,final,4,2,1,0,0,1,1,0,4,true,true,true,true,false
839,2026-04-30 23:58:15.535652+00,1267,823472,2026-04-30,808982,Jung Hoo Lee,final,4,4,0,0,0,0,0,0,0,false,false,false,false,false
840,2026-04-30 23:58:15.535652+00,1262,823472,2026-04-30,656305,Matt Chapman,final,5,4,2,1,0,0,0,0,3,true,true,false,false,false
841,2026-04-30 23:58:15.535652+00,1278,823472,2026-04-30,665561,Rafael Marchán,final,3,3,0,0,0,0,0,0,0,false,false,false,false,false
842,2026-04-30 23:58:15.535652+00,1268,823472,2026-04-30,666464,Jerar Encarnacion,final,3,3,0,0,0,0,0,0,0,false,false,false,false,false
843,2026-04-30 23:58:15.535652+00,1261,823472,2026-04-30,671218,Heliot Ramos,final,5,4,3,1,0,0,0,0,4,true,true,false,false,false
844,2026-04-30 23:58:15.535652+00,1277,823472,2026-04-30,702222,Justin Crawford,final,4,4,3,0,0,0,1,0,3,true,true,false,true,false
845,2026-04-30 23:58:15.535652+00,1272,823472,2026-04-30,547180,Bryce Harper,final,4,4,1,0,0,0,0,0,1,true,false,false,false,false
846,2026-04-30 23:58:15.535652+00,1266,823472,2026-04-30,642715,Willy Adames,final,4,3,0,0,0,0,0,0,0,false,false,false,false,false
847,2026-04-30 23:58:16.16762+00,1314,823634,2026-04-30,677595,Ronny Mauricio,final,4,4,0,0,0,0,0,0,0,false,false,false,false,false
848,2026-04-30 23:58:16.16762+00,1299,823634,2026-04-30,695734,Daylen Lile,final,4,4,0,0,0,0,0,0,0,false,false,false,false,false
849,2026-04-30 23:58:16.16762+00,1304,823634,2026-04-30,686452,Drew Millas,final,2,2,0,0,0,0,0,0,0,false,false,false,false,false
850,2026-04-30 23:58:16.16762+00,1308,823634,2026-04-30,669004,MJ Melendez,final,3,2,2,0,0,1,3,0,5,true,true,true,true,false
851,2026-04-30 23:58:16.16762+00,1298,823634,2026-04-30,671277,Luis García Jr.,final,4,4,2,1,0,0,0,0,3,true,true,false,false,false
852,2026-04-30 23:58:16.16762+00,1306,823634,2026-04-30,666182,Bo Bichette,final,4,3,0,0,0,0,0,0,0,false,false,false,false,false
853,2026-04-30 23:58:16.16762+00,1301,823634,2026-04-30,677588,José Tena,final,4,3,0,0,0,0,0,0,0,false,false,false,false,false
854,2026-04-30 23:58:16.16762+00,1312,823634,2026-04-30,701807,Carson Benge,final,4,4,1,0,0,0,0,0,1,true,false,false,false,false
855,2026-04-30 23:58:16.16762+00,1303,823634,2026-04-30,683083,Nasim Nuñez,final,4,4,1,0,0,0,0,1,1,true,false,false,false,true
856,2026-04-30 23:58:16.16762+00,1310,823634,2026-04-30,683146,Brett Baty,final,2,2,0,0,0,0,0,0,0,false,false,false,false,false
857,2026-04-30 23:58:16.16762+00,1313,823634,2026-04-30,620443,Luis Torrens,final,3,2,0,0,0,0,0,0,0,false,false,false,false,false
858,2026-04-30 23:58:16.16762+00,1309,823634,2026-04-30,668901,Mark Vientos,final,4,4,1,1,0,0,1,0,2,true,true,false,true,false
859,2026-04-30 23:58:16.16762+00,1311,823634,2026-04-30,543760,Marcus Semien,final,4,4,0,0,0,0,0,0,0,false,false,false,false,false
860,2026-04-30 23:58:16.16762+00,1297,823634,2026-04-30,695578,James Wood,final,4,3,0,0,0,0,0,0,0,false,false,false,false,false
861,2026-04-30 23:58:16.16762+00,1307,823634,2026-04-30,665742,Juan Soto,final,4,3,2,1,0,0,0,0,3,true,true,false,false,false
862,2026-04-30 23:58:16.16762+00,1305,823634,2026-04-30,696285,Jacob Young,final,4,4,1,0,0,0,1,0,1,true,false,false,true,false
863,2026-04-30 23:58:16.16762+00,1300,823634,2026-04-30,682928,CJ Abrams,final,4,3,2,0,0,1,3,0,5,true,true,true,true,false
864,2026-04-30 23:58:16.16762+00,1302,823634,2026-04-30,678391,Jorbit Vivas,final,4,4,1,0,0,0,0,0,1,true,false,false,false,false
865,2026-04-30 23:58:16.807719+00,1405,823714,2026-04-30,543807,George Springer,pending,,,,,,,,,,,,,,
866,2026-04-30 23:58:16.807719+00,1406,823714,2026-04-30,660821,Jesús Sánchez,pending,,,,,,,,,,,,,,
867,2026-04-30 23:58:16.807719+00,1407,823714,2026-04-30,665489,Vladimir Guerrero Jr.,pending,,,,,,,,,,,,,,
868,2026-04-30 23:58:16.807719+00,1408,823714,2026-04-30,672960,Kazuma Okamoto,pending,,,,,,,,,,,,,,
869,2026-04-30 23:58:16.807719+00,1409,823714,2026-04-30,662139,Daulton Varsho,pending,,,,,,,,,,,,,,
870,2026-04-30 23:58:16.807719+00,1410,823714,2026-04-30,676391,Ernie Clement,pending,,,,,,,,,,,,,,
871,2026-04-30 23:58:16.807719+00,1411,823714,2026-04-30,682818,Yohendrick Pinango,pending,,,,,,,,,,,,,,
872,2026-04-30 23:58:16.807719+00,1412,823714,2026-04-30,665926,Andrés Giménez,pending,,,,,,,,,,,,,,
873,2026-04-30 23:58:16.807719+00,1413,823714,2026-04-30,678218,Brandon Valenzuela,pending,,,,,,,,,,,,,,
874,2026-04-30 23:58:16.807719+00,1414,823714,2026-04-30,621439,Byron Buxton,pending,,,,,,,,,,,,,,
875,2026-04-30 23:58:16.807719+00,1415,823714,2026-04-30,663616,Trevor Larnach,pending,,,,,,,,,,,,,,
876,2026-04-30 23:58:16.807719+00,1416,823714,2026-04-30,680777,Ryan Jeffers,pending,,,,,,,,,,,,,,
877,2026-04-30 23:58:16.807719+00,1417,823714,2026-04-30,605137,Josh Bell,pending,,,,,,,,,,,,,,
878,2026-04-30 23:58:16.807719+00,1418,823714,2026-04-30,668885,Austin Martin,pending,,,,,,,,,,,,,,
879,2026-04-30 23:58:16.807719+00,1419,823714,2026-04-30,665019,Kody Clemens,pending,,,,,,,,,,,,,,
880,2026-04-30 23:58:16.807719+00,1420,823714,2026-04-30,807712,Luke Keaschall,pending,,,,,,,,,,,,,,
881,2026-04-30 23:58:16.807719+00,1421,823714,2026-04-30,686797,Brooks Lee,pending,,,,,,,,,,,,,,
882,2026-04-30 23:58:16.807719+00,1422,823714,2026-04-30,668904,Royce Lewis,pending,,,,,,,,,,,,,,
883,2026-04-30 23:58:17.431142+00,1288,824524,2026-04-30,670770,TJ Friedl,final,4,4,1,0,0,1,2,0,4,true,true,true,true,false
884,2026-04-30 23:58:17.431142+00,1283,824524,2026-04-30,650489,Willi Castro,final,4,4,0,0,0,0,0,0,0,false,false,false,false,false
885,2026-04-30 23:58:17.431142+00,1289,824524,2026-04-30,680574,Matt McLain,final,4,4,0,0,0,0,0,0,0,false,false,false,false,false
886,2026-04-30 23:58:17.431142+00,1295,824524,2026-04-30,668715,Spencer Steer,final,4,3,2,1,0,0,2,0,3,true,true,false,true,false
887,2026-04-30 23:58:17.431142+00,1293,824524,2026-04-30,663886,Tyler Stephenson,final,4,4,1,1,0,0,0,0,2,true,true,false,false,false
888,2026-04-30 23:58:17.431142+00,1280,824524,2026-04-30,686668,Brenton Doyle,final,3,2,0,0,0,0,0,1,0,false,false,false,false,true
889,2026-04-30 23:58:17.431142+00,1281,824524,2026-04-30,696100,Hunter Goodman,final,5,5,0,0,0,0,0,0,0,false,false,false,false,false
890,2026-04-30 23:58:17.431142+00,1285,824524,2026-04-30,691720,Kyle Karros,final,4,4,2,0,0,0,0,0,2,true,true,false,false,false
891,2026-04-30 23:58:17.431142+00,1296,824524,2026-04-30,666181,Will Benson,final,4,4,0,0,0,0,0,0,0,false,false,false,false,false
892,2026-04-30 23:58:17.431142+00,1292,824524,2026-04-30,663993,Nathaniel Lowe,final,4,3,2,1,0,1,1,0,6,true,true,true,true,false
893,2026-04-30 23:58:17.431142+00,1282,824524,2026-04-30,671289,Tyler Freeman,final,4,4,2,0,0,1,2,0,5,true,true,true,true,false
894,2026-04-30 23:58:17.431142+00,1291,824524,2026-04-30,701398,Sal Stewart,final,4,3,0,0,0,0,0,0,0,false,false,false,false,false
895,2026-04-30 23:58:17.431142+00,1287,824524,2026-04-30,687859,Troy Johnston,final,4,4,1,0,0,0,0,0,1,true,false,false,false,false
896,2026-04-30 23:58:17.431142+00,1279,824524,2026-04-30,687597,Jordan Beck,final,3,3,1,0,0,0,0,0,1,true,false,false,false,false
897,2026-04-30 23:58:17.431142+00,1290,824524,2026-04-30,682829,Elly De La Cruz,final,4,4,1,0,0,0,0,0,1,true,false,false,false,false
898,2026-04-30 23:58:17.431142+00,1286,824524,2026-04-30,678662,Ezequiel Tovar,final,2,1,1,0,0,0,0,0,1,true,false,false,false,false
899,2026-04-30 23:58:17.431142+00,1284,824524,2026-04-30,681198,TJ Rumfield,final,4,4,1,0,0,0,0,0,1,true,false,false,false,false
900,2026-04-30 23:58:17.431142+00,1294,824524,2026-04-30,668709,JJ Bleday,final,3,1,0,0,0,0,0,0,0,false,false,false,false,false
901,2026-04-30 23:58:18.060748+00,1231,824848,2026-04-30,694728,Brice Matthews,final,4,4,2,0,0,0,1,0,2,true,true,false,true,false
902,2026-04-30 23:58:18.060748+00,1229,824848,2026-04-30,514888,Jose Altuve,final,4,3,1,0,0,0,0,0,1,true,false,false,false,false
903,2026-04-30 23:58:18.060748+00,1225,824848,2026-04-30,621043,Carlos Correa,final,5,5,1,0,0,0,0,0,1,true,false,false,false,false
904,2026-04-30 23:58:18.060748+00,1232,824848,2026-04-30,687957,Dustin Harris,final,4,4,2,0,0,0,0,1,2,true,true,false,false,true
905,2026-04-30 23:58:18.060748+00,1226,824848,2026-04-30,670541,Yordan Alvarez,final,4,4,0,0,0,0,0,0,0,false,false,false,false,false
906,2026-04-30 23:58:18.060748+00,1242,824848,2026-04-30,677942,Blaze Alexander,final,4,3,1,1,0,0,0,0,2,true,true,false,false,false
907,2026-04-30 23:58:18.060748+00,1235,824848,2026-04-30,621493,Taylor Ward,final,4,2,0,0,0,0,0,0,0,false,false,false,false,false
908,2026-04-30 23:58:18.060748+00,1233,824848,2026-04-30,543877,Christian Vázquez,final,4,4,2,0,0,0,1,0,2,true,true,false,true,false
909,2026-04-30 23:58:18.060748+00,1236,824848,2026-04-30,668939,Adley Rutschman,final,4,4,2,0,0,1,4,0,5,true,true,true,true,false
910,2026-04-30 23:58:18.060748+00,1230,824848,2026-04-30,673237,Yainer Diaz,final,4,4,1,0,0,0,1,0,1,true,false,false,true,false
911,2026-04-30 23:58:18.060748+00,1240,824848,2026-04-30,681297,Colton Cowser,final,4,4,0,0,0,0,0,0,0,false,false,false,false,false
912,2026-04-30 23:58:18.060748+00,1238,824848,2026-04-30,687637,Dylan Beavers,final,4,2,0,0,0,0,1,0,0,false,false,false,true,false
913,2026-04-30 23:58:18.060748+00,1234,824848,2026-04-30,683002,Gunnar Henderson,final,5,5,1,0,0,0,0,0,1,true,false,false,false,false
914,2026-04-30 23:58:18.060748+00,1237,824848,2026-04-30,624413,Pete Alonso,final,4,2,0,0,0,0,0,0,0,false,false,false,false,false
915,2026-04-30 23:58:18.060748+00,1241,824848,2026-04-30,691723,Coby Mayo,final,4,4,0,0,0,0,0,0,0,false,false,false,false,false
916,2026-04-30 23:58:18.060748+00,1227,824848,2026-04-30,670623,Isaac Paredes,final,4,4,3,0,0,0,0,0,3,true,true,false,false,false
917,2026-04-30 23:58:18.060748+00,1239,824848,2026-04-30,669236,Jeremiah Jackson,final,4,4,2,1,0,1,5,0,6,true,true,true,true,false
918,2026-04-30 23:58:18.060748+00,1228,824848,2026-04-30,572233,Christian Walker,final,4,4,0,0,0,0,0,0,0,false,false,false,false,false
919,2026-04-30 23:58:18.709839+00,1209,824929,2026-04-30,690993,Colt Keith,final,4,4,2,0,0,0,0,0,2,true,true,false,false,false
920,2026-04-30 23:58:18.709839+00,1210,824929,2026-04-30,682985,Riley Greene,final,5,3,0,0,0,0,0,0,0,false,false,false,false,false
921,2026-04-30 23:58:18.709839+00,1222,824929,2026-04-30,571657,Kyle Farmer,final,3,3,1,0,0,0,0,0,1,true,false,false,false,false
922,2026-04-30 23:58:18.709839+00,1207,824929,2026-04-30,805808,Kevin McGonigle,final,5,2,0,0,0,0,0,0,0,false,false,false,false,false
923,2026-04-30 23:58:18.709839+00,1219,824929,2026-04-30,621566,Matt Olson,final,4,4,0,0,0,0,0,0,0,false,false,false,false,false
924,2026-04-30 23:58:18.709839+00,1215,824929,2026-04-30,668670,Jake Rogers,final,3,3,0,0,0,0,0,0,0,false,false,false,false,false
925,2026-04-30 23:58:18.709839+00,1223,824929,2026-04-30,622761,Jorge Mateo,final,2,2,0,0,0,0,0,0,0,false,false,false,false,false
926,2026-04-30 23:58:18.709839+00,1211,824929,2026-04-30,679529,Spencer Torkelson,final,5,5,2,0,0,0,0,0,2,true,true,false,false,false
927,2026-04-30 23:58:18.709839+00,1220,824929,2026-04-30,663586,Austin Riley,final,4,4,0,0,0,0,0,0,0,false,false,false,false,false
928,2026-04-30 23:58:18.709839+00,1213,824929,2026-04-30,663837,Matt Vierling,final,5,5,3,1,0,0,2,0,4,true,true,false,true,false
929,2026-04-30 23:58:18.709839+00,1224,824929,2026-04-30,642201,Eli White,final,3,3,1,0,0,0,1,0,1,true,false,false,true,false
930,2026-04-30 23:58:18.709839+00,1216,824929,2026-04-30,660670,Ronald Acuña Jr.,final,5,5,1,1,0,0,0,0,2,true,true,false,false,false
931,2026-04-30 23:58:18.709839+00,1221,824929,2026-04-30,643289,Mauricio Dubón,final,4,3,1,0,0,0,1,0,1,true,false,false,true,false
932,2026-04-30 23:58:18.709839+00,1217,824929,2026-04-30,686948,Drake Baldwin,final,4,3,1,0,0,0,0,0,1,true,false,false,false,false
933,2026-04-30 23:58:18.709839+00,1214,824929,2026-04-30,701678,Hao-Yu  Lee,final,5,3,0,0,0,0,0,0,0,false,false,false,false,false
934,2026-04-30 23:58:18.709839+00,1218,824929,2026-04-30,645277,Ozzie Albies,final,4,4,2,1,0,0,0,0,3,true,true,false,false,false
935,2026-04-30 23:58:18.709839+00,1212,824929,2026-04-30,681481,Kerry Carpenter,final,4,4,1,0,1,0,0,0,3,true,true,false,false,false
936,2026-04-30 23:58:18.709839+00,1208,824929,2026-04-30,650402,Gleyber Torres,final,5,4,3,0,0,0,1,0,3,true,true,false,true,false
937,2026-04-30 23:58:19.605804+00,1350,825016,2026-04-30,671732,Lawrence Butler,final,4,3,0,0,0,0,0,0,0,false,false,false,false,false
938,2026-04-30 23:58:19.605804+00,1348,825016,2026-04-30,642851,Austin Wynns,final,4,4,0,0,0,0,0,0,0,false,false,false,false,false
939,2026-04-30 23:58:19.605804+00,1335,825016,2026-04-30,657041,Lane Thomas,final,4,3,0,0,0,0,0,0,0,false,false,false,false,false
940,2026-04-30 23:58:19.605804+00,1333,825016,2026-04-30,672580,Maikel Garcia,final,5,5,3,2,0,1,1,1,8,true,true,true,true,true
941,2026-04-30 23:58:19.605804+00,1337,825016,2026-04-30,679845,Nick Loftin,final,3,2,0,0,0,0,0,0,0,false,false,false,false,false
942,2026-04-30 23:58:19.605804+00,1345,825016,2026-04-30,687515,Colby Thomas,final,3,2,0,0,0,0,0,0,0,false,false,false,false,false
943,2026-04-30 23:58:19.605804+00,1346,825016,2026-04-30,687231,Darell Hernaiz,final,4,4,3,0,0,0,2,0,3,true,true,false,true,false
944,2026-04-30 23:58:19.605804+00,1340,825016,2026-04-30,686555,Isaac Collins,final,4,4,1,0,0,0,0,0,1,true,false,false,false,false
945,2026-04-30 23:58:19.605804+00,1343,825016,2026-04-30,669127,Shea Langeliers,final,4,4,3,3,0,0,1,0,6,true,true,false,true,false
946,2026-04-30 23:58:19.605804+00,1341,825016,2026-04-30,553869,Elias Díaz,final,4,4,1,0,0,1,1,0,4,true,true,true,true,false
947,2026-04-30 23:58:19.605804+00,1344,825016,2026-04-30,701762,Nick Kurtz,final,4,3,1,1,0,0,2,0,2,true,true,false,true,false
948,2026-04-30 23:58:19.605804+00,1342,825016,2026-04-30,805779,Jacob Wilson,final,5,5,2,0,0,0,0,0,2,true,true,false,false,false
949,2026-04-30 23:58:19.605804+00,1338,825016,2026-04-30,516782,Starling Marte,final,4,4,3,0,0,0,1,0,3,true,true,false,true,false
950,2026-04-30 23:58:19.605804+00,1339,825016,2026-04-30,695600,Carter Jensen,final,4,4,0,0,0,0,0,0,0,false,false,false,false,false
951,2026-04-30 23:58:19.605804+00,1347,825016,2026-04-30,666126,Carlos Cortes,final,4,4,1,0,0,0,0,0,1,true,false,false,false,false
952,2026-04-30 23:58:19.605804+00,1349,825016,2026-04-30,680869,Zack Gelof,final,4,4,1,0,0,0,0,0,1,true,false,false,false,false
953,2026-04-30 23:58:19.605804+00,1336,825016,2026-04-30,521692,Salvador Perez,final,5,4,1,0,0,0,0,0,1,true,false,false,false,false
954,2026-04-30 23:58:19.605804+00,1334,825016,2026-04-30,677951,Bobby Witt Jr.,final,5,3,0,0,0,0,0,0,0,false,false,false,false,false