game_year,pitch_type,pitch_name,PA,AB,H,2B,3B,HR,BB,SO,AVG,OBP,SLG,OPS,ISO,BB%,K%,K-BB%,avg_ev,avg_la,HardHit%,SweetSpot%,wOBA,xwOBA
2022,CH,Changeup,170,37,9,1,0,0,5,7,0.243,0.333,0.27,0.604,0.027,2.9,4.1,1.2,81.9,19.5,21.7,40.0,0.239,0.314
2022,CU,Curveball,87,20,5,1,0,0,1,1,0.25,0.286,0.3,0.586,0.05,1.1,1.1,0.0,85.2,-0.8,43.3,10.0,0.252,0.286
2022,FC,Cutter,75,19,11,1,0,2,1,0,0.579,0.6,0.947,1.547,0.368,1.3,0.0,-1.3,87.0,16.5,38.2,41.2,0.692,0.434
2022,FF,Four-seam Fastball,372,74,26,3,0,5,21,14,0.351,0.495,0.595,1.089,0.243,5.6,3.8,-1.9,85.0,26.6,25.5,30.3,0.415,0.401
2022,FS,Split-finger Fastball,36,9,4,0,0,0,0,1,0.444,0.444,0.444,0.889,0.0,0.0,2.8,2.8,87.2,12.4,50.0,42.9,0.36,0.431
2022,KC,Knuckle Curve,29,8,5,2,0,1,0,2,0.625,0.625,1.25,1.875,0.625,0.0,6.9,6.9,90.3,14.5,45.5,27.3,0.63,0.498
2022,SI,Sinker,111,26,7,1,0,0,3,2,0.269,0.345,0.308,0.653,0.038,2.7,1.8,-0.9,90.6,10.7,50.0,28.6,0.302,0.386
2022,SL,Slider,111,17,5,1,0,2,5,4,0.294,0.455,0.706,1.16,0.412,4.5,3.6,-0.9,84.4,13.3,34.2,13.2,0.406,0.354
2022,ST,Sweeper,43,9,4,0,0,0,1,2,0.444,0.5,0.444,0.944,0.0,2.3,4.7,2.3,81.2,27.6,10.0,50.0,0.358,0.322
2022,SV,Unknown,5,0,0,0,0,0,0,1,,,,,,0.0,20.0,20.0,86.9,21.0,0.0,100.0,0.0,0.0
2022,,Unknown,4,0,0,0,0,0,1,0,,1.0,,,,25.0,0.0,-25.0,,,,,,
2023,CH,Changeup,185,50,11,1,0,1,1,5,0.22,0.235,0.3,0.535,0.08,0.5,2.7,2.2,81.3,17.7,20.5,17.8,0.215,0.252
2023,CU,Curveball,72,9,2,1,0,0,1,0,0.222,0.3,0.333,0.633,0.111,1.4,0.0,-1.4,85.5,12.1,38.9,22.2,0.317,0.376
2023,FC,Cutter,78,11,1,0,0,1,2,2,0.091,0.231,0.364,0.594,0.273,2.6,2.6,0.0,79.0,30.8,17.9,28.6,0.213,0.207
2023,FF,Four-seam Fastball,317,41,16,4,0,1,8,9,0.39,0.49,0.561,1.051,0.171,2.5,2.8,0.3,80.9,32.2,19.8,34.2,0.381,0.379
2023,FS,Split-finger Fastball,50,17,3,0,0,2,1,2,0.176,0.222,0.529,0.752,0.353,2.0,4.0,2.0,90.1,8.7,50.0,30.8,0.28,0.417
2023,KC,Knuckle Curve,22,2,1,1,0,0,0,0,0.5,0.5,1.0,1.5,0.5,0.0,0.0,0.0,83.0,17.6,33.3,55.6,0.625,0.881
2023,SI,Sinker,107,23,10,3,0,0,3,5,0.435,0.5,0.565,1.065,0.13,2.8,4.7,1.9,88.3,13.4,35.1,37.8,0.402,0.429
2023,SL,Slider,135,32,10,5,0,3,7,5,0.312,0.436,0.75,1.186,0.438,5.2,3.7,-1.5,89.0,9.1,43.8,31.2,0.412,0.387
2023,ST,Sweeper,43,10,2,1,0,1,2,2,0.2,0.333,0.6,0.933,0.4,4.7,4.7,0.0,80.6,22.0,22.2,33.3,0.332,0.307
2023,SV,Unknown,4,3,1,1,0,0,0,0,0.333,0.333,0.667,1.0,0.333,0.0,0.0,0.0,95.1,30.0,66.7,66.7,0.417,0.298
2023,,Unknown,9,0,0,0,0,0,2,0,,1.0,,,,22.2,0.0,-22.2,,,,,,
2024,CH,Changeup,309,56,17,5,0,4,7,8,0.304,0.381,0.607,0.988,0.304,2.3,2.6,0.3,82.1,7.3,31.3,26.7,0.361,0.358
2024,CU,Curveball,136,23,9,1,0,2,3,6,0.391,0.462,0.696,1.157,0.304,2.2,4.4,2.2,86.7,8.6,42.5,22.5,0.398,0.313
2024,FA,Unknown,1,1,0,0,0,0,0,0,0.0,0.0,0.0,0.0,0.0,0.0,0.0,0.0,90.1,38.0,0.0,0.0,0.0,0.011
2024,FC,Cutter,238,53,16,5,0,1,2,1,0.302,0.327,0.453,0.78,0.151,0.8,0.4,-0.4,86.1,15.8,32.0,36.1,0.327,0.309
2024,FF,Four-seam Fastball,682,148,46,12,0,3,13,23,0.311,0.366,0.453,0.819,0.142,1.9,3.4,1.5,85.4,25.2,26.6,30.8,0.311,0.325
2024,FS,Split-finger Fastball,85,16,4,1,0,1,2,4,0.25,0.333,0.5,0.833,0.25,2.4,4.7,2.4,86.2,-1.3,41.4,13.8,0.293,0.313
2024,KC,Knuckle Curve,52,9,1,0,0,0,1,5,0.111,0.2,0.111,0.311,0.0,1.9,9.6,7.7,88.9,3.6,42.1,26.3,0.107,0.252
2024,PO,Unknown,1,0,0,0,0,0,0,0,,,,,,0.0,0.0,0.0,,,,,,
2024,SI,Sinker,259,59,18,4,1,2,10,8,0.305,0.406,0.508,0.914,0.203,3.9,3.1,-0.8,86.4,6.5,41.0,23.8,0.353,0.409
2024,SL,Slider,243,32,10,1,0,4,3,13,0.312,0.371,0.719,1.09,0.406,1.2,5.3,4.1,85.5,5.2,37.3,27.7,0.311,0.307
2024,ST,Sweeper,120,22,9,1,1,2,2,3,0.409,0.458,0.818,1.277,0.409,1.7,2.5,0.8,85.8,14.6,27.3,18.2,0.414,0.267
2024,SV,Unknown,7,0,0,0,0,0,0,0,,,,,,0.0,0.0,0.0,80.9,9.0,0.0,100.0,,
2024,,Unknown,7,0,0,0,0,0,1,0,,1.0,,,,14.3,0.0,-14.3,,,,,,
2025,CH,Changeup,340,72,21,3,0,5,5,16,0.292,0.338,0.542,0.879,0.25,1.5,4.7,3.2,87.0,12.1,34.9,32.1,0.305,0.318
2025,CU,Curveball,194,33,13,3,0,2,2,11,0.394,0.429,0.667,1.095,0.273,1.0,5.7,4.6,90.3,9.5,55.9,33.9,0.348,0.381
2025,FC,Cutter,205,37,15,3,0,2,4,4,0.405,0.463,0.649,1.112,0.243,2.0,2.0,0.0,87.8,12.2,45.5,24.7,0.434,0.321
2025,FF,Four-seam Fastball,878,181,54,12,1,14,18,31,0.298,0.362,0.608,0.97,0.309,2.1,3.5,1.5,85.2,30.8,27.1,32.6,0.363,0.348
2025,FO,Forkball,6,0,0,0,0,0,0,1,,,,,,0.0,16.7,16.7,99.1,-9.0,100.0,0.0,0.0,0.0
2025,FS,Split-finger Fastball,149,32,9,3,0,0,1,7,0.281,0.303,0.375,0.678,0.094,0.7,4.7,4.0,85.5,6.4,28.6,19.6,0.24,0.214
2025,KC,Knuckle Curve,56,17,4,1,0,1,2,4,0.235,0.316,0.471,0.786,0.235,3.6,7.1,3.6,87.4,1.3,38.5,26.9,0.28,0.395
2025,SI,Sinker,288,71,24,6,0,3,7,8,0.338,0.397,0.549,0.947,0.211,2.4,2.8,0.3,87.8,11.3,38.5,27.4,0.377,0.323
2025,SL,Slider,333,44,18,2,0,4,8,16,0.409,0.5,0.727,1.227,0.318,2.4,4.8,2.4,84.6,15.5,30.6,28.8,0.379,0.352
2025,ST,Sweeper,123,15,6,0,0,1,4,9,0.4,0.526,0.6,1.126,0.2,3.3,7.3,4.1,83.5,24.3,40.6,28.1,0.332,0.333
2025,,Unknown,16,0,0,0,0,0,5,0,,1.0,,,,31.2,0.0,-31.2,,,,,,
